17582;1;2,23;27,72;,5;,48;,38;,44;,4;,36;,067;,247;;;;2,18;2,2
17500;0;2,24;,94;,5;,48;,37;,36;,37;,34;,063;,241;,362;,58;,27;2,18;2,28
17249;0;2,22;4;,5;,48;,37;,36;,37;,34;,072;,252;,374;1;1;2,18;2,28
17220;0;2,28;9,65;,5;,48;,37;,36;,37;,34;0;,219;,338;,92;1,04;2,18;2,38
17193;1;2,32;2;,5;,48;,38;,3;,37;,35;-,034;,19;,293;,3;5,29;2,2;2,32
17193;0;2,32;8;,45;,48;,37;,29;,38;,35;-,034;,112;,315;1,04;1,76;2,32;2,34
17175;0;2,29;5,42;,45;,48;,38;,27;,38;,36;-,022;,127;,332;3,3;,43;2,2;2,3
17162;0;2,26;1,12;,5;,5;,38;,3;,4;,36;-,009;,186;,35;,31;,26;2,18;2,32
17153;1;2,28;,69;,5;,52;,38;,29;,46;,35;-,018;,175;,338;,98;4,36;2,2;2,28
16887;1;2,22;3;,5;,5;,37;,37;,46;,35;,018;,225;,374;4,41;,47;2,22;2,26
16878;1;2,22;3,31;,45;,48;,37;,35;,45;,38;,054;,234;,374;1,21;,91;2,22;2,24
16840;1;2,22;1,24;,45;,46;,36;,34;,44;,34;,014;,234;,374;,78;2,54;2,2;2,22
16450;1;2,18;2;,4;,44;,36;,31;,44;,38;-,028;,174;,399;,12;,51;2,18;2,22
16323;1;2,18;2,6;,4;,42;,35;,32;,44;,35;-,018;,156;,399;,95;4,49;2,16;2,18
16289;0;2,22;3,75;,35;,42;,35;,29;,44;,35;0;,144;,374;,96;,22;2,16;2,26
15872;0;2,22;4;,35;,42;,35;,3;,44;,35;,018;,135;,374;5,35;,83;2,2;2,24
15328;0;2,24;24,54;,35;,42;,35;,3;,44;,35;,009;,125;,384;1,07;1,09;2,2;2,28
15328;1;2,24;,03;,4;,44;,35;,4;,49;,35;,018;,116;,362;1;1,08;2,2;2,24
15097;1;2,22;6,88;,35;,42;,34;,26;,49;,35;,027;,135;,396;,78;,94;2,2;2,22
15096;0;2,22;1,12;,35;,42;,33;,43;,48;,35;,005;,126;,396;,87;,91;2,22;2,3
14708;1;2,24;13,02;,4;,42;,34;,46;,42;,35;-,018;,116;,384;1,16;1,09;2,22;2,24
14679;0;2,24;1,42;,4;,4;,33;,44;,41;,34;0;,107;,362;1,01;,92;2,24;2,3
14388;0;2,3;2;,4;,4;,33;,43;,41;,34;-,035;-,004;,326;,83;1,1;2,26;2,3
14367;0;2,3;27,98;,4;,42;,33;,41;,41;,34;-,009;,07;,326;4,14;,44;2,28;2,38
14232;0;2,38;2,59;,4;,42;,33;,46;,43;,35;-,025;-,008;,324;,4;1,05;2,32;2,4
13859;1;2,32;3,24;,5;,42;,34;,52;,45;,37;0;0;,358;1,18;3,64;2,3;2,32
13859;0;2,32;16,27;,45;,42;,34;,48;,43;,37;-,013;0;,358;1;1,76;2,3;2,38
13824;1;2,31;15,48;,55;,42;,35;,53;,45;,38;-,022;,004;,364;1,28;1,02;2,28;2,3
13824;0;2,3;3,89;,5;,4;,34;,52;,44;,37;-,009;-,009;,348;1;,87;2,28;2,38
13791;0;2,44;,05;,55;,4;,35;,51;,43;,37;-,09;-,025;,311;,21;,99;2,28;2,38
13791;1;2,28;,07;,55;,4;,36;,39;,43;,37;-,026;,206;,395;1;1;2,28;2,38
13406;0;2,4;7;,55;,4;,35;,41;,44;,37;-,075;-,008;,271;3,48;,18;2,34;2,42
12986;1;2,34;2,27;,55;,42;,36;,41;,45;,38;-,068;,017;,303;1,04;,74;2,32;2,34
12936;0;2,26;3,82;,5;,4;,36;,4;,45;,38;-,035;,009;,35;,09;1,05;2,2;2,26
12934;0;2,26;1,68;,5;,42;,37;,39;,46;,38;-,018;-,009;,35;3,49;1,16;2,24;2,26
12898;0;2,26;2,24;,55;,42;,38;,42;,46;,39;-,018;-,009;,332;,29;1,33;2,2;2,26
12823;1;2,22;5;,55;,44;,39;,41;,46;,39;,009;,009;,342;7,88;1;2,22;2,26
12685;0;2,26;60,32;,55;,42;,39;,43;,45;,39;-,009;-,009;,31;,72;,8;2,22;2,38
12660;1;2,28;60;,6;,42;,4;,62;,38;,41;-,026;-,018;,272;1,5;5,96;2,28;2,36
12119;1;2,28;12,51;,55;,4;,4;,5;,31;,39;-,026;-,009;,263;1,19;,19;2,26;2,3
12014;1;2,26;2,42;,5;,38;,39;,47;,29;,38;-,009;,035;,274;,95;,84;2,24;2,26
12014;0;2,26;6;,45;,36;,39;,45;,29;,38;-,009;-,004;,283;1;1,07;2,24;2,26
12013;0;2,26;11,58;,45;,38;,4;,46;,33;,38;,018;-,062;,274;,42;1,1;2,24;2,28
11965;0;2,28;2,94;,45;,38;,4;,49;,32;,38;,009;-,061;,263;,77;,89;2,26;2,3
11635;1;2,28;4;,5;,38;,41;,5;,32;,41;,044;-,026;,263;3,59;,96;2,28;2,3
11633;1;2,28;2,99;,45;,36;,4;,49;,32;,41;,018;-,009;,246;,64;1,1;2,26;2,28
11631;1;2,24;4;,4;,34;,4;,47;,31;,42;,036;,009;,268;1,28;1;2,24;2,28
11606;1;2,26;1,01;,4;,32;,4;,52;,31;,42;,022;,009;,345;,4;,91;2,26;2,3
11514;1;2,26;5;,35;,3;,39;,52;,3;,41;,018;,009;,23;2,45;1;2,26;2,3
11476;0;2,3;61,11;,35;,28;,38;,51;,3;,41;,061;-,03;,209;,41;2,76;2,28;2,3
11439;1;2,28;8,56;,35;,28;,39;,48;,33;,43;0;-,035;,219;,9;,96;2,26;2,28
11438;0;2,28;2,46;,3;,26;,39;,46;,32;,43;,053;-,018;,219;1;1,16;2,26;2,28
11344;0;2,28;6,51;,3;,26;,39;,46;,32;,43;,026;-,026;,219;1,1;1,12;2,26;2,3
11197;0;2,3;10,02;,35;,26;,4;,48;,32;,45;-,017;-,009;,209;,88;1,23;2,26;2,3
11125;1;2,26;11;,35;,28;,41;,5;,34;,47;0;,027;,221;1,1;1,03;2,26;2,3
11004;0;2,3;4,93;,3;,26;,41;,47;,32;,47;-,017;,009;,122;1,18;1,1;2,28;2,4
10902;1;2,29;12,52;,3;,28;,41;,48;,34;,47;-,031;0;,127;1,41;,22;2,26;2,3
10560;1;2,26;45;,25;,26;,4;,44;,32;,46;0;0;,186;1,21;,95;2,24;2,28
10545;0;2,29;3;,25;,24;,39;,24;,24;,44;-,004;-,004;,17;,43;,91;2,26;2,3
10496;0;2,28;2;,25;,24;,39;,25;,24;,43;0;-,026;,193;1;1,05;2,26;2,3
10450;0;2,3;3,17;,25;,26;,39;,25;,31;,42;-,017;-,035;,191;1,37;1,1;2,28;2,3
10449;0;2,3;1,09;,3;,26;,4;,32;,25;,43;-,017;-,035;,191;1;1,01;2,28;2,3
10444;0;2,3;1,09;,35;,28;,4;,35;,33;,43;-,017;-,052;,113;1;1,01;2,28;2,3
10424;1;2,28;1,32;,35;,28;,41;,35;,29;,47;0;-,044;,105;,68;1,09;2,26;2,28
10420;0;2,28;1,32;,35;,28;,4;,37;,3;,45;0;-,026;,114;1;1,02;2,26;2,28
10306;0;2,28;2,36;,35;,28;,4;,37;,3;,44;0;-,026;,105;1;1,02;2,26;2,3
10284;1;2,26;25;,4;,28;,4;,38;,3;,44;-,009;-,009;,115;1,24;,98;2,24;2,3
10185;1;2,25;,06;,35;,26;,4;,11;,27;,43;,004;-,004;,111;,86;,94;2,26;2,3
10185;0;2,31;,02;,35;,26;,39;,25;,27;,43;-,022;-,039;,091;1;1;2,26;2,3
10043;0;2,3;73,44;,3;,24;,4;,11;,27;,44;0;-,035;,087;1,95;5,7;2,28;2,32
10017;0;2,32;,87;,3;,26;,41;,14;,29;,46;-,017;-,034;,078;1,18;,83;2,3;2,32
9943;0;2,32;3,13;,3;,26;,42;,14;,29;,48;-,017;-,034;,069;1,41;1,01;2,3;2,38
9791;1;2,33;3,4;,35;,26;,42;,25;,3;,48;-,021;-,013;-,017;,88;,1;2,3;2,32
9783;0;2,3;1,27;,3;,24;,41;,22;,29;,47;0;0;,07;,72;1,05;2,28;2,3
9610;0;2,3;1,56;,3;,24;,42;,22;,29;,48;-,017;,035;,026;1;1,02;2,28;2,3
9603;0;2,3;1,27;,3;,26;,42;,22;,33;,48;0;,009;,009;1;1,01;2,28;2,3
9578;0;2,3;1,26;,3;,26;,43;,22;,33;,48;-,004;,009;,009;1,15;1,01;2,28;2,3
9518;1;2,28;1,32;,3;,28;,44;,22;,33;,48;-,009;,013;,018;,82;,97;2,26;2,28
9512;0;2,28;1,5;,25;,28;,43;,21;,33;,48;,004;,009;0;1;1,01;2,26;2,28
9302;0;2,28;1,5;,25;,3;,43;,21;,34;,48;0;,07;,044;3,19;,94;2,26;2,28
9224;1;2,24;12,92;,25;,32;,43;,21;,34;,47;,027;,018;,228;,05;1,02;2,2;2,26
9215;1;2,24;5,01;,2;,3;,43;,17;,33;,47;,027;,071;,063;31,58;1,02;2,22;2,26
9212;0;2,26;1,54;,15;,3;,43;,15;,33;,48;,018;,035;,053;1;1,01;2,22;2,26
9200;1;2,24;5;,15;,32;,43;,15;,33;,48;,018;,009;,018;1;1;2,22;2,26
9146;0;2,26;1,54;,15;,32;,42;,16;,34;,47;,009;0;-,009;,77;,99;2,24;2,26
9123;1;2,24;2;,15;,34;,42;,16;,35;,47;,018;,009;0;,45;1,05;2,22;2,24
9115;0;2,24;1,78;,15;,34;,41;,2;,35;,47;,009;-,009;0;1;1,01;2,22;2,24
9083;0;2,26;155,56;,15;,36;,42;,2;,35;,48;-,004;0;-,009;,93;10,55;2,22;2,28
9019;0;2,28;1,31;,15;,38;,42;,38;,44;,53;,013;0;-,018;1,57;1,09;2,26;2,28
8957;0;2,28;4,37;,15;,4;,43;,36;,44;,54;,009;0;-,009;,94;,44;2,28;2,3
8809;0;2,28;2,61;,2;,4;,44;,54;,44;,54;,018;-,009;,026;,95;1,05;2,26;2,28
8800;0;2,2;15,22;,2;,42;,44;,41;,43;,53;,055;,027;,023;,06;,94;2,16;2,28
8800;1;2,23;28,47;,2;,42;,44;,32;,45;,54;,045;,013;-,049;1;1,41;2,16;2,2
8634;0;2,26;4,01;,2;,42;,45;,33;,44;,54;,018;,009;-,053;21,98;1,91;2,24;2,28
8623;0;2,26;3,08;,25;,44;,45;,35;,48;,53;,018;,009;-,018;1,05;,69;2,24;2,26
8598;0;2,26;2,67;,25;,44;,45;,35;,48;,54;,018;,009;0;1;1,18;2,24;2,26
8569;0;2,26;2,67;,25;,46;,46;,35;,5;,54;,018;-,009;0;1;1,21;2,24;2,26
8379;0;2,26;1,34;,25;,48;,46;,34;,5;,54;,009;0;,009;1;,63;2,24;2,26
8362;0;2,26;,94;,25;,48;,46;,34;,5;,54;,009;0;,009;1;1,11;2,24;2,26
8340;0;2,26;2,67;,25;,48;,47;,33;,5;,54;,009;,018;-,013;1;1,17;2,24;2,26
8322;0;2,26;2,67;,3;,5;,48;,34;,5;,55;-,009;,009;-,027;1;1,21;2,24;2,26
8304;0;2,26;2,67;,3;,52;,49;,34;,5;,55;-,009;,009;-,009;1;1,27;2,24;2,26
8238;0;2,26;1,59;,3;,52;,49;,34;,5;,55;0;,009;-,018;1,15;,81;2,26;2,28
8208;1;2,22;10;,3;,54;,5;,34;,53;,55;,009;,036;,027;,46;1;2,2;2,28
8142;1;2,22;15,97;,3;,56;,5;,4;,56;,56;,018;,018;,045;,09;,07;2,18;2,2
8142;0;2,2;13,02;,25;,54;,49;,33;,54;,54;,018;,045;,055;1;1,08;2,18;2,2
8136;0;2,2;4,17;,25;,54;,49;,37;,54;,55;,018;,041;,041;,89;,97;2,18;2,2
8134;0;2,2;22,5;,3;,54;,5;,38;,55;,55;,027;,027;,027;1;1,16;2,18;2,2
8122;0;2,3;8,94;,35;,54;,5;,4;,55;,56;-,009;-,004;-,009;1;4,25;2,18;2,34
8119;1;2,16;50,08;,4;,54;,5;,41;,55;,56;,056;,056;,028;,9;,22;2,14;2,16
8119;0;2,16;130,91;,4;,52;,49;,35;,5;,55;,056;,065;,028;1;4,58;2,14;2,34
8097;0;2,16;103,82;,4;,52;,49;,33;,56;,58;,019;,065;,028;1;1,06;2,14;2,32
8097;1;2,16;77,18;,4;,54;,5;,5;,62;,62;,032;,065;,009;1;,25;2,14;2,16
8066;0;2,16;1,11;,45;,52;,48;,62;,66;,63;,046;,056;,009;1;2,86;2,14;2,16
8066;1;2,17;10,62;,45;,54;,49;,63;,74;,64;,041;,051;,023;1;,95;2,14;2,16
8064;0;2,16;4,17;,5;,52;,48;,65;,65;,63;,046;,056;,028;1;1,16;2,14;2,16
8063;0;2,16;17,82;,55;,52;,48;,69;,65;,63;,046;,046;,037;1;1,37;2,14;2,32
7935;0;2,28;,79;,6;,52;,48;,8;,66;,63;-,009;-,013;-,018;70,51;,34;2,26;2,28
7883;0;2,28;9,8;,65;,54;,48;,81;,66;,62;-,009;,013;-,026;,13;1,11;2,26;2,3
7856;1;2,28;1,79;,7;,56;,48;,89;,68;,63;-,009;,009;-,026;,4;,97;2,26;2,3
7821;0;2,3;,06;,65;,56;,47;,85;,68;,62;-,017;,009;-,026;1;1;2,26;2,3
7734;0;2,28;,79;,7;,58;,47;,86;,7;,62;-,009;,018;-,018;,95;1,11;2,26;2,28
7733;0;2,28;,13;,75;,58;,48;,86;,7;,62;-,009;,022;,009;1;1;2,26;2,28
7659;0;2,28;1,97;,75;,58;,48;,85;,69;,62;-,026;,009;,009;1;,92;2,26;2,3
7654;1;2,26;47,15;,8;,6;,48;,9;,7;,61;-,018;,018;,053;1,79;1,02;2,26;2,34
7286;0;2,4;10;,75;,58;,48;,83;,67;,59;-,083;-,042;-,033;,69;,5;2,26;2,4
7279;1;2,26;4;,8;,6;,49;,91;,68;,6;-,027;,018;,027;1,05;1;2,26;2,4
6992;1;2,38;1,85;,8;,6;,49;,91;,68;,6;-,076;-,042;-,029;8,81;4,25;2,36;2,4
6874;1;2,35;5;,75;,58;,49;,86;,68;,6;-,021;-,03;-,021;,33;,95;2,32;2,4
6718;1;2,38;1,85;,7;,56;,49;,84;,67;,59;-,092;-,042;,025;2,37;1,06;2,36;2,4
6543;0;2,4;1,25;,7;,54;,49;,84;,66;,59;-,1;-,067;-,05;1,49;1,04;2,38;2,4
6525;1;2,38;2;,75;,56;,5;,85;,66;,59;-,092;-,059;,008;,39;,24;2,36;2,42
6388;1;2,36;7;,7;,56;,49;,83;,67;,59;-,085;-,042;-,008;,88;,98;2,34;2,42
6383;1;2,34;9;,7;,54;,48;,85;,66;,58;-,077;-,043;-,034;1,43;1;2,32;2,42
6378;1;2,32;8,74;,7;,52;,48;,88;,65;,58;-,065;-,026;-,026;1,26;3,51;2,3;2,4
6371;1;2,34;5;,7;,5;,47;,88;,64;,57;-,077;-,043;-,034;,37;1,2;2,32;2,4
6361;1;2,32;7;,65;,48;,46;,85;,64;,57;-,069;-,034;-,043;1,07;1;2,3;2,4
6356;1;2,32;3;,6;,48;,46;,83;,64;,57;-,017;-,026;-,026;1,01;3,06;2,3;2,32
6347;1;2,3;7;,55;,46;,46;,79;,63;,59;-,009;-,009;-,009;,7;,92;2,28;2,32
6345;0;2,32;4,56;,5;,46;,45;,72;,64;,59;-,017;-,017;-,017;,95;1,57;2,28;2,32
6331;1;2,28;3;,5;,48;,46;,67;,64;,59;,009;0;-,009;,78;1;2,26;2,32
6325;1;2,28;3;,5;,46;,45;,69;,64;,59;0;-,035;-,009;,78;,14;2,26;2,28
6324;0;2,28;3;,45;,46;,45;,68;,64;,59;0;-,022;-,009;1;1,05;2,26;2,28
6320;1;2,26;55,02;,5;,48;,45;,76;,64;,58;,009;0;,009;1,24;1;2,24;2,28
6315;0;2,28;5,94;,45;,46;,45;,6;,6;,56;-,009;-,009;0;1,32;1,16;2,26;2,28
6315;1;2,26;21;,45;,46;,46;,59;,6;,57;,062;0;,009;,72;1;2,24;2,28
6313;1;2,26;3;,4;,46;,45;,55;,59;,56;0;0;-,009;1,49;1;2,26;2,28
6200;0;2,38;7,64;,35;,44;,45;,54;,59;,56;0;-,05;-,05;,86;,87;2,3;2,4
6182;0;2,38;3,62;,4;,44;,45;,56;,59;,56;-,013;-,05;-,05;1,74;,99;2,32;2,4
6013;1;2,38;2,65;,45;,46;,46;,58;,61;,57;0;-,05;-,034;2,19;1,26;2,36;2,4
5968;1;2,37;5;,45;,46;,45;,58;,61;,57;,013;-,046;-,038;,56;1;2,34;2,4
5721;0;2,4;3,13;,45;,46;,44;,61;,6;,56;-,008;-,058;-,05;1,91;1,16;2,38;2,4
5694;1;2,32;31,66;,45;,46;,44;,61;,6;,5;,017;-,026;-,017;,28;1;2,3;2,4
5499;1;2,28;40,65;,4;,46;,44;,57;,58;,49;,026;-,026;,009;,54;,27;2,26;2,28
5495;1;2,26;9,26;,4;,44;,44;,52;,55;,47;,027;-,018;0;,88;1,02;2,26;2,28
5491;0;2,28;7,06;,35;,44;,44;,5;,56;,47;,026;-,035;,009;1;1,05;2,26;2,28
5490;0;2,28;2,78;,4;,44;,45;,52;,56;,48;,018;-,035;,004;1;1,04;2,26;2,28
5487;0;2,28;10,38;,45;,46;,46;,53;,57;,49;,018;-,035;-,009;1;1,09;2,26;2,28
5486;0;2,28;20,76;,45;,46;,47;,55;,57;,51;,009;,009;,004;1;1,22;2,26;2,28
5440;0;2,26;22,02;,45;,46;,47;,58;,59;,52;,027;-,044;,009;,79;1,95;2,24;2,26
5440;1;2,26;19,1;,45;,46;,47;,6;,62;,52;,009;-,044;,018;1;1,12;2,24;2,26
5432;0;2,26;1,8;,45;,46;,46;,58;,62;,51;,009;-,044;,018;1,01;,27;2,26;2,42
5367;1;2,26;79,28;,5;,46;,46;,62;,6;,51;,009;-,044;,018;1,15;1,04;2,22;2,24
5366;0;2,24;55,79;,45;,44;,45;,45;,5;,46;,009;-,036;,018;1;2,8;2,22;2,24
5365;0;2,24;12,1;,45;,44;,46;,6;,58;,5;,018;-,031;,018;,72;1,16;2,22;2,24
5358;0;2,24;6,79;,45;,44;,47;,63;,6;,52;,009;-,036;,018;1,38;,27;2,24;2,38
5239;0;2,36;5,52;,45;,44;,48;,65;,61;,52;-,042;-,085;-,042;3,5;2,53;2,28;2,38
5234;1;2,28;5,43;,5;,44;,49;,69;,59;,53;,044;0;-,013;,35;1;2,26;2,38
5221;1;2,26;9,05;,45;,42;,48;,64;,55;,52;,053;,009;,022;1,12;1;2,26;2,38
5157;1;2,28;9;,45;,4;,47;,67;,54;,51;,044;0;,009;,99;,97;2,26;2,36
4968;0;2,28;4;,4;,36;,46;,57;,45;,51;,039;,009;,018;1,09;1,08;2,26;2,28
4968;1;2,29;33,16;,45;,38;,46;,66;,5;,51;,048;-,004;,013;1;,94;2,26;2,28
4962;0;2,28;4,56;,45;,38;,47;,59;,46;,51;,018;0;,022;1;1,14;2,26;2,28
4956;1;2,25;2,63;,5;,38;,48;,62;,46;,52;,013;,013;,022;,66;,92;2,24;2,34
4907;0;2,32;2,77;,45;,36;,48;,56;,44;,52;-,026;-,026;-,009;5,57;,99;2,3;2,32
4787;1;2,3;3,44;,45;,38;,49;,57;,45;,52;-,009;,043;0;,95;,9;2,3;2,32
4663;1;2,3;7;,45;,38;,48;,57;,44;,51;-,009;-,017;0;1,17;1;2,3;2,32
4646;0;2,32;,14;,4;,38;,47;,53;,43;,5;-,017;,026;-,017;,84;1;2,3;2,32
4643;0;2,32;5,3;,4;,4;,48;,52;,43;,5;-,017;,013;-,017;1;1,17;2,3;2,32
4632;0;2,32;12,5;,45;,42;,49;,59;,44;,51;-,026;,026;-,017;1,09;2,29;2,28;2,32
4616;1;2,29;5,66;,5;,44;,49;,66;,46;,51;-,013;,048;-,022;,18;,81;2,28;2,34
4589;1;2,33;23;,5;,44;,48;,64;,45;,5;-,03;,021;-,039;2;,68;2,3;2,38
4578;0;2,38;9,41;,45;,42;,47;,56;,39;,49;-,05;-,008;-,05;2,08;1,15;2,3;2,38
4567;0;2,36;2,12;,5;,42;,47;,62;,4;,5;-,051;-,008;-,051;1;,89;2,3;2,36
4565;0;2,34;3,55;,5;,44;,47;,62;,41;,5;-,043;-,009;-,034;,78;1,24;2,32;2,34
4563;0;2,34;3,38;,55;,44;,47;,7;,41;,5;-,043;0;-,043;1,39;,88;2,34;2,36
4562;1;2,34;10,01;,55;,44;,48;,71;,41;,5;,009;-,009;-,043;,5;1,08;2,34;2,36
4512;0;2,36;10;,55;,44;,48;,69;,39;,51;-,034;-,017;-,042;,83;1,32;2,34;2,36
4357;1;2,34;22,76;,55;,46;,49;,72;,53;,58;-,034;-,017;-,026;1,68;1,29;2,34;2,36
4313;1;2,34;3,14;,5;,44;,48;,62;,49;,56;-,026;-,009;-,026;1,03;,88;2,32;2,34
4306;0;2,34;1,38;,45;,44;,47;,6;,48;,55;-,026;-,026;-,026;2,63;,86;2,34;2,36
4298;1;2,34;1,17;,5;,44;,48;,67;,49;,56;-,021;-,026;-,06;,49;,83;2,32;2,34
4297;1;2,32;2,77;,45;,44;,48;,57;,49;,56;-,017;-,017;-,039;,32;,58;2,28;2,34
4278;0;2,34;12,28;,4;,42;,48;,51;,45;,56;-,038;-,034;-,034;3,36;2,06;2,3;2,36
4060;0;2,34;,01;,4;,44;,48;,57;,48;,56;-,009;-,026;-,034;2,31;1;2,34;2,36
4058;1;2,34;2,54;,4;,46;,48;,54;,52;,56;-,017;-,034;-,034;,67;1;2,32;2,36
3783;0;2,36;1,72;,35;,44;,48;,53;,51;,57;-,025;-,042;-,042;,45;1,43;2,32;2,36
3754;0;2,34;4;,35;,46;,49;,48;,52;,57;-,009;,017;-,034;,77;,94;2,32;2,34
3754;1;2,34;17,58;,35;,46;,5;,43;,52;,58;-,009;,017;-,034;1;,86;2,32;2,34
3749;1;2,32;3,42;,3;,46;,49;,34;,5;,56;0;,026;-,026;1,44;1,24;2,32;2,36
3722;1;2,34;,13;,25;,44;,49;,29;,5;,56;-,021;,013;-,034;1,36;1;2,34;2,36
3717;0;2,36;1,72;,2;,42;,48;,29;,49;,55;-,013;,017;-,042;1;1,08;2,34;2,36
3696;1;2,34;2,42;,25;,42;,49;,29;,37;,56;,017;-,009;-,034;,74;,31;2,32;2,34
3687;0;2,34;2,42;,2;,42;,48;,27;,37;,56;,009;-,026;-,051;1;,89;2,32;2,34
3654;1;2,31;20,52;,2;,44;,48;,26;,38;,56;,013;-,022;-,039;1,33;,71;2,28;2,32
3645;0;2,3;2,24;,2;,44;,48;,14;,38;,55;,017;-,009;-,043;2,02;,85;2,3;2,32
3620;1;2,3;1,92;,25;,46;,48;,15;,39;,55;,017;-,009;-,043;,21;1,03;2,28;2,3
3615;0;2,3;4,16;,25;,46;,48;,14;,41;,57;,026;-,009;-,043;1;1,04;2,28;2,3
3609;0;2,3;4,17;,3;,48;,48;,15;,43;,57;,017;-,009;0;3,19;,95;2,28;2,3
3608;0;2,3;,24;,35;,48;,49;,16;,44;,57;,017;-,017;-,061;1;1;2,28;2,3
3591;1;2,27;14,68;,4;,48;,5;,17;,43;,57;,031;-,004;-,048;,14;2;2,24;2,26
3590;0;2,26;17,68;,4;,46;,49;,05;,4;,57;,035;0;-,044;1;1,41;2,24;2,26
3585;0;2,26;9,62;,4;,46;,5;,05;,41;,59;,027;0;-,044;,9;,48;2,24;2,26
3584;0;2,26;,32;,4;,46;,5;,05;,42;,59;,035;-,009;-,044;1;,99;2,24;2,26
3582;0;2,26;5,01;,45;,48;,51;,1;,43;,6;,035;-,009;-,04;1;1,06;2,24;2,26
3577;0;2,26;,28;,45;,5;,52;,1;,46;,61;,035;-,009;-,044;1;1,48;2,24;2,26
3557;0;2,26;15,05;,45;,52;,52;,1;,46;,59;,044;,044;-,044;,8;1,08;2,24;2,28
3549;0;2,28;17,81;,5;,54;,53;,13;,48;,61;,026;0;0;1;1,53;2,24;2,28
3507;0;2,28;4,63;,55;,54;,53;,61;,49;,62;,026;-,009;0;2,12;,68;2,28;2,32
3433;0;2,32;12,4;,55;,54;,54;,61;,5;,63;0;-,017;-,017;1,53;,75;2,3;2,36
3332;0;2,32;,01;,6;,54;,55;,68;,51;,63;,009;-,017;-,009;1,15;1,88;2,32;2,34
3316;0;2,34;2,68;,6;,56;,55;,69;,55;,63;,009;-,021;-,026;,61;1,31;2,32;2,36
3316;1;2,34;,03;,6;,56;,55;,68;,54;,63;0;-,026;-,026;,95;1;2,32;2,36
3293;0;2,36;8,82;,6;,58;,56;,59;,56;,64;-,008;-,047;-,034;,86;,6;2,34;2,38
3292;1;2,34;,65;,65;,6;,57;,65;,57;,64;-,013;-,009;-,034;,96;,9;2,34;2,38
3287;1;2,36;,74;,65;,6;,57;,71;,57;,64;-,025;-,025;,017;1,82;1;2,36;2,38
3281;1;2,36;,7;,6;,58;,56;,69;,56;,63;-,025;-,025;-,042;,79;,93;2,36;2,38
3275;1;2,36;,67;,6;,56;,55;,7;,54;,62;-,025;-,017;,008;,88;1,74;2,36;2,38
3269;1;2,36;,63;,55;,56;,55;,69;,54;,63;-,025;-,017;-,004;1,01;1;2,36;2,38
3263;1;2,36;,6;,55;,56;,55;,69;,54;,63;-,025;-,017;,008;1,01;1;2,36;2,38
3257;1;2,36;,57;,5;,54;,55;,69;,54;,63;-,038;-,03;,017;1,01;1;2,36;2,38
3237;0;2,38;10;,45;,52;,55;,67;,53;,65;-,05;-,021;0;1,41;1,26;2,36;2,42
3160;0;2,4;5,33;,45;,52;,56;,43;,54;,65;-,058;-,008;-,017;,6;,17;2,4;2,42
3159;1;2,42;4,13;,5;,52;,56;,44;,55;,65;-,066;-,025;-,033;,96;1,02;2,4;2,42
3159;0;2,42;2,05;,5;,5;,56;,44;,54;,66;-,066;-,033;-,041;1,29;,84;2,42;2,44
3123;0;2,42;2,64;,55;,5;,56;,48;,54;,64;-,066;-,033;-,033;,82;1,24;2,4;2,44
3113;1;2,42;1,32;,6;,52;,57;,5;,55;,65;-,066;-,033;-,041;1,02;1;2,42;2,44
3103;1;2,4;65,63;,6;,52;,56;,52;,57;,64;-,05;-,017;-,033;1,28;1,04;2,38;2,4
3103;0;2,4;4,38;,6;,52;,56;,44;,61;,63;-,05;-,025;-,042;1,18;,96;2,4;2,44
2995;0;3,1;,06;,55;,5;,56;,42;,59;,64;-,252;-,245;-,252;,86;,93;2,4;2,44
2995;1;2,24;,45;,6;,52;,57;,44;,6;,65;,036;,045;,018;1;1;2,4;2,44
2953;1;2,4;3,34;,55;,52;,57;,41;,59;,64;-,025;-,025;-,05;,94;,97;2,4;2,44
2931;0;2,44;21,02;,5;,52;,57;,4;,59;,64;-,041;-,049;-,066;1;1,13;2,4;2,46
2858;1;2,44;4,53;,5;,54;,58;,43;,62;,65;-,033;-,041;-,074;,6;1,09;2,42;2,46
2759;1;2,42;27,22;,5;,52;,58;,43;,61;,66;-,033;-,033;-,058;1,04;,7;2,4;2,42
2758;0;2,42;2,79;,5;,5;,58;,41;,58;,66;-,025;-,033;-,066;1,31;,98;2,42;2,46
2757;1;2,41;5,22;,55;,52;,58;,43;,6;,65;-,021;-,021;-,062;,81;1;2,4;2,46
2738;0;2,44;3,01;,55;,52;,57;,42;,6;,64;-,033;-,041;-,025;1,25;,91;2,42;2,44
2697;1;2,42;3,4;,55;,54;,58;,41;,6;,65;-,025;-,033;-,017;,83;1;2,4;2,44
2690;0;2,42;,23;,5;,52;,57;,4;,58;,64;-,025;-,041;-,017;1,12;,98;2,42;2,44
2619;0;2,44;4;,5;,54;,57;,4;,6;,64;-,033;-,041;-,029;,85;1,17;2,42;2,46
2610;0;2,46;110;,55;,54;,57;,48;,58;,62;-,033;-,041;-,024;1,3;5,97;2,42;2,5
2603;1;2,52;3,62;,6;,56;,57;,79;,71;,68;-,048;-,071;-,079;,86;,89;2,52;2,56
2595;1;2,56;3,41;,6;,54;,57;,8;,7;,69;-,055;-,086;-,109;2,57;1,31;2,56;2,78
2552;1;2,6;20,9;,6;,52;,56;,8;,7;,69;-,069;-,112;-,131;1,22;,26;2,58;2,64
2551;1;2,59;4,36;,6;,52;,55;,77;,69;,68;-,066;-,112;-,12;1,31;1,36;2,58;2,62
2550;1;2,59;18,22;,55;,5;,54;,72;,68;,67;-,066;-,112;-,12;1,49;,83;2,58;2,62
2537;1;2,53;17,48;,5;,5;,54;,6;,69;,67;-,051;-,091;-,099;,23;3,5;2,5;2,56
2519;0;2,52;2,35;,5;,48;,54;,56;,68;,67;-,048;-,087;-,095;,45;,8;2,52;2,54
2514;0;2,54;10,14;,55;,5;,54;,59;,69;,67;,22;-,094;-,11;,9;,86;2,5;2,54
2497;0;2,56;5,16;,55;,52;,55;,63;,7;,69;-,125;-,113;-,117;,93;,63;2,52;2,56
2477;0;2,56;5;,55;,52;,56;,61;,7;,69;-,062;-,117;-,117;2,22;1,1;2,54;2,56
2456;0;2,58;2,58;,55;,54;,57;,63;,72;,71;-,054;-,124;-,124;,65;,75;2,54;2,6
2455;1;2,56;5,43;,55;,54;,57;,64;,72;,69;-,047;-,117;-,125;1,26;1;2,56;2,6
2453;1;2,56;20,3;,5;,54;,57;,62;,73;,69;-,055;-,117;-,125;,8;1;2,54;2,6
2452;1;2,56;3,31;,45;,54;,56;,54;,73;,66;-,055;-,117;-,125;1,66;1,77;2,56;2,58
2445;1;2,56;4,44;,45;,52;,56;,53;,69;,66;-,059;-,117;-,078;,81;,87;2,54;2,58
2440;0;2,58;9,51;,45;,52;,56;,61;,7;,66;-,054;-,116;-,116;1,01;1,28;2,54;2,58
2424;0;2,58;,11;,5;,52;,56;,81;,71;,66;-,062;-,116;-,124;1,04;,49;2,56;2,58
2373;0;2,58;1,27;,5;,54;,57;,77;,72;,66;-,062;-,101;-,116;,89;,89;2,56;2,58
2316;1;2,56;30,76;,5;,56;,58;,75;,72;,66;-,047;-,094;-,109;,94;1,27;2,54;2,56
2306;1;2,54;3,42;,5;,54;,58;,72;,69;,66;-,031;-,079;-,098;1,14;1;2,54;2,56
2293;1;2,54;10;,5;,54;,58;,72;,7;,67;-,008;-,079;-,102;1,12;1;2,54;2,56
2289;1;2,54;3;,5;,54;,58;,72;,69;,67;,008;-,071;-,114;1,04;1;2,54;2,56
2239;0;2,56;8,69;,4;,54;,57;,68;,7;,66;,016;-,086;-,094;1,2;,75;2,56;2,58
2239;1;2,56;1,27;,45;,54;,57;,7;,7;,66;,012;-,078;-,102;,67;1;2,52;2,58
2235;0;2,58;21,53;,45;,54;,58;,72;,68;,67;,004;-,085;-,109;,95;1,23;2,52;2,58
2218;1;2,56;3,62;,5;,54;,58;,78;,69;,68;-,012;-,078;-,094;1,21;1,76;2,54;2,56
2182;1;2,54;6,34;,5;,54;,57;,79;,69;,68;-,008;-,071;-,087;,77;,73;2,54;2,58
2125;0;2,58;,7;,45;,54;,56;,73;,7;,66;-,016;-,085;-,101;1,01;1,35;2,56;2,58
2117;0;2,58;9,82;,5;,56;,56;,75;,7;,66;-,008;-,085;-,112;1;,51;2,56;2,64
2116;0;2,58;,01;,5;,58;,57;,72;,73;,67;-,008;-,078;-,097;1,27;1;2,58;2,64
2107;0;2,62;,3;,55;,6;,57;,74;,73;,65;-,015;-,084;-,092;1,08;1;2,58;2,64
2104;0;2,66;,07;,55;,6;,58;,73;,73;,66;-,038;-,09;-,113;,68;1,6;2,64;2,66
2103;0;2,66;4,54;,55;,62;,59;,72;,74;,66;-,038;-,09;-,12;,93;1,63;2,64;2,72
2101;1;2,66;1,28;,6;,62;,59;,73;,71;,65;-,038;-,09;-,12;1,12;,48;2,66;2,72
2098;1;2,65;27,17;,55;,62;,58;,72;,71;,64;-,034;-,087;-,117;,95;,76;2,64;2,7
2083;0;2,6;15,51;,5;,6;,57;,58;,66;,61;-,008;-,077;-,092;2,31;,23;2,58;2,6
2083;1;2,62;119,86;,55;,6;,57;,73;,7;,63;-,015;-,084;-,107;1;,91;2,58;2,6
2082;0;2,6;9,51;,55;,62;,57;,64;,69;,61;-,008;,192;-,1;,9;1,13;2,58;2,6
2081;1;2,58;6,15;,6;,62;,58;,67;,69;,62;-,008;-,132;-,093;1,4;,97;2,58;2,6
1982;1;2,6;5,12;,55;,62;,57;,66;,68;,6;-,023;-,077;-,1;,42;6,23;2,58;2,6
1972;1;2,58;5;,55;,62;,56;,68;,68;,58;-,016;-,054;-,101;1,28;1,62;2,58;2,6
1968;0;2,6;4,04;,5;,62;,55;,67;,69;,57;-,023;-,062;-,1;1;1,13;2,58;2,6
1931;1;2,62;21,32;,6;,66;,56;,75;,72;,58;-,023;-,076;-,107;,66;,46;2,6;2,62
1931;0;2,62;9,26;,55;,64;,55;,72;,7;,58;-,023;-,076;-,107;1,09;1,36;2,58;2,62
1919;1;2,6;,3;,55;,64;,56;,65;,69;,57;-,008;-,073;-,092;,98;,78;2,6;2,62
1894;1;2,6;8;,55;,62;,56;,67;,68;,6;-,015;-,062;-,1;,77;1;2,6;2,62
1859;0;2,62;18,77;,5;,62;,56;,66;,68;,6;-,031;-,076;-,107;1,26;,9;2,62;2,66
1858;1;2,62;21,07;,55;,62;,57;,72;,69;,61;-,015;-,076;-,115;,97;1;2,58;2,66
1800;0;2,66;22,5;,55;,6;,57;,71;,68;,61;-,03;-,083;-,12;1,04;,96;2,66;2,68
1794;1;2,66;20;,55;,6;,58;,75;,66;,62;-,03;-,075;-,113;1,3;2,33;2,66;2,68
1791;0;2,68;3,62;,55;,58;,57;,73;,65;,58;-,022;-,06;-,127;1,11;,67;2,66;2,68
1787;0;2,68;5,31;,6;,6;,57;,75;,68;,58;-,007;-,045;-,127;1;,92;2,66;2,7
1782;1;2,7;6,41;,65;,6;,58;,78;,68;,59;-,015;-,037;-,144;,81;2,73;2,7;2,72
1773;0;2,72;5;,65;,58;,57;,77;,67;,58;-,022;-,048;-,154;,82;1,23;2,68;2,72
1765;0;2,72;6,84;,6;,58;,58;,63;,64;,58;-,026;-,048;-,154;,89;,72;2,72;2,78
1765;1;2,71;44,9;,65;,58;,58;,72;,66;,59;-,041;-,066;-,151;1,07;1,01;2,7;2,78
1755;1;2,74;14;,65;,6;,58;,65;,67;,59;-,044;-,08;-,161;1,18;,3;2,72;2,78
1754;1;2,74;,49;,65;,58;,57;,65;,66;,58;-,051;-,073;-,161;1;1,55;2,72;2,74
1748;0;2,74;1,51;,65;,58;,57;,66;,68;,58;-,058;-,066;-,172;1,24;,94;2,74;2,78
1736;1;2,75;25;,7;,6;,57;,73;,69;,58;-,055;-,069;-,178;,74;1,04;2,74;2,78
1724;0;2,9;3;,7;,6;,57;,7;,69;,58;-,11;-,11;-,221;1,04;,71;2,78;2,9
1717;1;2,85;31,16;,7;,6;,58;,7;,66;,59;-,088;-,102;-,207;1,26;2,12;2,84;2,88
1710;1;2,82;3,59;,7;,6;,58;,68;,66;,59;-,071;-,092;-,199;1,25;,5;2,82;2,86
1707;0;2,85;27,16;,65;,58;,57;,61;,62;,53;-,081;-,102;-,207;1;,87;2,82;2,86
1702;1;2,82;19,26;,7;,6;,57;,68;,64;,54;-,078;-,092;-,199;,7;1,55;2,8;2,82
1688;0;2,82;2,87;,65;,6;,56;,65;,63;,53;-,078;-,085;-,191;,74;,84;2,8;2,86
1686;1;2,82;18,11;,7;,6;,57;,69;,62;,54;-,071;-,085;-,191;1,3;,78;2,82;2,86
1606;1;2,72;5,43;,7;,6;,57;,71;,61;,57;-,037;-,051;-,147;1,16;,49;2,72;2,76
1593;0;2,74;9,06;,65;,6;,57;,67;,62;,57;-,029;-,066;-,153;1;1,43;2,72;2,74
1582;1;2,72;10;,7;,62;,58;,69;,63;,59;-,022;-,066;-,14;1,13;1;2,72;2,74
1579;1;2,72;3,62;,7;,62;,58;,69;,64;,6;-,015;-,066;-,14;1,37;1;2,72;2,74
1571;1;2,72;9,06;,7;,62;,58;,69;,65;,61;-,015;-,066;-,132;1,03;1,1;2,72;2,74
1563;1;2,72;4,92;,7;,6;,57;,71;,64;,61;-,007;-,059;-,14;,81;1;2,68;2,74
1533;0;2,72;25;,7;,6;,57;,72;,64;,62;0;-,059;-,132;,67;1,28;2,72;2,74
1514;0;2,74;11,27;,7;,62;,57;,74;,66;,62;-,007;-,058;-,139;,71;1,43;2,72;2,74
1513;1;2,73;4,77;,7;,62;,57;,75;,67;,6;-,007;-,062;-,136;1,02;,38;2,72;2,76
1511;1;2,72;10;,7;,6;,57;,75;,67;,6;,007;-,066;-,132;1,01;2,01;2,72;2,74
1505;1;2,72;13,36;,65;,58;,57;,72;,64;,61;,007;-,051;-,132;1,18;1;2,72;2,74
1432;1;2,72;50;,6;,56;,57;,7;,62;,63;,007;-,051;-,132;1,53;,58;2,72;2,74
1425;1;2,72;1,19;,55;,56;,57;,55;,61;,62;,011;-,051;-,125;1,07;1,52;2,7;2,72
1417;0;2,72;4,81;,5;,54;,57;,54;,57;,62;,066;-,037;-,118;,75;2,03;2,7;2,72
1414;1;2,7;20;,55;,56;,57;,61;,6;,6;,056;-,015;-,104;1,05;1;2,7;2,72
1401;0;2,72;28,96;,5;,56;,56;,58;,6;,58;,037;-,022;-,11;,99;,31;2,72;2,74
1398;1;2,72;6;,5;,56;,56;,62;,6;,58;,048;-,022;-,11;,88;,78;2,72;2,74
1385;0;2,74;3,3;,45;,54;,56;,59;,58;,59;,029;-,033;-,117;,7;1,06;2,72;2,74
1375;1;2,72;24,8;,5;,54;,56;,61;,58;,58;,037;-,044;-,118;,91;1,04;2,7;2,72
1370;1;2,7;38,29;,5;,54;,55;,62;,57;,57;,044;-,03;-,111;,59;1,42;2,68;2,7
1370;0;2,7;14;,45;,52;,54;,56;,55;,56;,007;-,037;,148;1;1,17;2,68;2,7
1330;1;2,68;1,81;,5;,54;,55;,66;,57;,56;,022;-,037;-,164;3,24;,94;2,68;2,7
1324;1;2,68;4,56;,5;,52;,55;,67;,55;,56;,015;-,03;-,104;1,06;,99;2,68;2,7
1312;1;2,68;10;,5;,5;,54;,7;,51;,56;,015;-,037;-,09;1,14;1;2,68;2,7
1308;1;2,68;28,91;,45;,48;,54;,62;,5;,56;,015;-,03;-,09;,96;1,04;2,66;2,68
1307;1;2,66;11,12;,45;,46;,54;,61;,49;,57;,023;-,015;-,09;1,47;1;2,66;2,68
1306;0;2,68;14,96;,4;,46;,53;,53;,48;,55;,015;-,022;-,097;,65;,96;2,64;2,68
1295;0;2,7;9,99;,45;,48;,53;,56;,49;,56;,015;-,037;-,107;,96;,76;2,64;2,7
1278;1;2,68;7,24;,5;,5;,54;,58;,54;,56;,019;-,03;-,09;,66;1,24;2,66;2,68
1266;0;2,68;7,7;,45;,5;,53;,54;,55;,54;,015;-,022;-,097;1,41;1,26;2,66;2,68
1265;0;2,68;4,15;,5;,52;,54;,56;,56;,56;,015;-,022;-,097;1;1,02;2,66;2,7
1262;0;2,7;38,66;,55;,54;,55;,57;,57;,57;,007;-,015;-,096;,75;,52;2,68;2,74
1202;0;2,74;2,5;,6;,56;,55;,65;,59;,57;-,007;-,029;-,102;1,07;,71;2,72;2,74
1201;1;2,7;45,39;,65;,56;,56;,69;,54;,58;,007;-,007;-,067;1,27;,81;2,68;2,7
1200;0;2,7;3,42;,65;,54;,56;,65;,52;,57;0;-,007;-,052;1;,89;2,68;2,7
1199;0;2,7;10;,65;,56;,56;,65;,53;,57;,007;0;-,037;1;1,01;2,68;2,7
1194;0;2,7;9,98;,7;,56;,56;,67;,53;,57;,007;,007;-,041;1,08;1,04;2,68;2,7
1193;1;2,68;11,98;,75;,58;,57;,7;,54;,57;,022;,015;-,034;,79;1;2,66;2,7
1190;1;2,66;29,48;,7;,58;,56;,68;,55;,57;,023;,019;-,049;1,73;1,1;2,64;2,66
1185;0;2,66;3,35;,65;,56;,55;,66;,53;,56;,015;,03;-,053;,67;1,04;2,62;2,66
1174;1;2,63;50,01;,65;,56;,56;,61;,53;,58;,027;,042;-,034;,45;1,53;2,62;2,66
1163;1;2,62;15,31;,6;,56;,56;,53;,51;,59;,023;,046;-,023;2,71;,96;2,62;2,66
1156;1;2,62;39,26;,6;,54;,55;,54;,51;,58;,023;,05;-,023;1,15;,96;2,58;2,66
1155;0;2,62;41,11;,55;,54;,55;,42;,5;,58;,023;,107;-,015;1;1;2,58;2,66
1141;1;2,6;20;,6;,56;,56;,55;,54;,58;,031;,096;-,015;,88;1,16;2,6;2,66
1133;0;2,6;46,83;,6;,56;,56;,55;,54;,58;,023;,085;-,015;,84;,48;2,58;2,6
1131;1;2,58;10,06;,6;,56;,56;,57;,47;,59;,039;,105;-,008;1,04;1,06;2,58;2,6
1130;1;2,58;2,5;,55;,54;,56;,52;,47;,59;,047;,093;-,008;,89;,97;2,56;2,6
1127;0;2,6;22,25;,5;,52;,56;,5;,46;,6;,031;,085;-,008;1,38;1,58;2,56;2,6
1126;1;2,58;6,34;,55;,54;,56;,55;,48;,6;,039;,093;0;1;1;2,56;2,6
1114;1;2,58;9,69;,5;,54;,56;,54;,54;,61;,039;,054;0;,68;,97;2,58;2,6
1112;1;2,56;18,11;,5;,54;,55;,55;,55;,59;,055;,07;0;,92;1;2,56;2,6
1111;1;2,56;40;,45;,54;,55;,48;,57;,59;,07;,063;-,008;1,59;,8;2,56;2,6
1105;1;2,56;6,34;,4;,54;,55;,37;,57;,59;,055;,063;-,008;,8;1,06;2,54;2,56
1104;0;2,56;5,12;,35;,54;,55;,35;,59;,59;,055;,063;-,008;1,31;,84;2,56;2,58
1101;1;2,56;5,2;,35;,54;,56;,35;,59;,59;,055;,063;0;1,09;1,26;2,56;2,58
1100;1;2,56;17,28;,35;,54;,55;,35;,61;,59;,055;,063;0;,26;1,03;2,54;2,58
1100;0;2,58;5,33;,35;,52;,54;,33;,6;,59;,039;,062;0;3,84;1;2,56;2,58
1097;0;2,58;1,88;,4;,52;,55;,46;,56;,59;,031;,058;-,008;,22;,98;2,52;2,58
1096;0;2,58;30;,45;,54;,56;,49;,57;,59;,031;,054;-,016;1,62;1,18;2,52;2,58
1095;0;2,6;15;,5;,56;,57;,53;,6;,6;,012;,046;-,008;1,12;,9;2,58;2,6
1095;1;2,57;21,5;,55;,58;,57;,55;,63;,59;,019;,058;,004;,47;1;2,54;2,6
1092;0;2,58;47,84;,55;,58;,57;,54;,63;,6;,016;,054;0;2,65;,92;2,58;2,6
1091;1;2,58;52,16;,55;,6;,57;,48;,64;,61;,016;,054;,016;,88;1,37;2,54;2,6
1083;1;2,54;19,92;,5;,58;,57;,43;,6;,6;,024;,063;,047;1,38;,81;2,54;2,6
1067;0;2,54;31,75;,5;,56;,56;,44;,57;,6;,024;,071;,047;,94;,9;2,52;2,54
1065;0;2,54;26,39;,5;,56;,57;,46;,58;,61;,016;,071;,047;,54;,85;2,52;2,58
1043;0;2,56;10;,55;,58;,58;,49;,59;,61;,008;,07;,035;1,22;1,16;2,54;2,56
1016;1;2,54;16,4;,6;,58;,58;,53;,59;,6;,024;,071;,024;1,16;1,35;2,52;2,54
1007;0;2,54;1,05;,55;,56;,58;,51;,57;,61;,016;,063;,031;1,68;,7;2,54;2,56
989;0;2,56;40;,55;,56;,59;,49;,56;,62;,008;,055;,016;,95;,97;2,56;2,58
989;1;2,56;19,76;,55;,56;,59;,51;,56;,62;0;,047;,008;,67;1,05;2,54;2,58
971;0;2,56;60;,55;,58;,6;,54;,57;,62;0;,047;,016;1,81;,98;2,56;2,58
967;0;2,58;11,37;,6;,58;,61;,65;,59;,64;-,008;,039;0;,38;1,39;2,56;2,58
965;0;2,58;2;,65;,6;,62;,71;,59;,64;-,008;,039;,008;,92;1,1;2,56;2,58
962;1;2,56;3;,7;,62;,63;,73;,61;,64;0;,039;,023;1,01;,99;2,56;2,58
951;1;2,56;3,91;,65;,6;,63;,5;,59;,64;0;,047;,023;1,02;,59;2,56;2,58
942;1;2,56;100;,6;,58;,63;,5;,58;,64;,008;,055;,016;2,01;2,27;2,56;2,58
941;1;2,56;26,18;,55;,58;,62;,39;,57;,63;,008;,047;,016;1,08;,51;2,56;2,58
940;1;2,56;10,86;,55;,56;,62;,39;,54;,63;,008;,047;,023;,55;1;2,54;2,58
939;1;2,54;11,49;,55;,56;,61;,51;,56;,63;,024;,055;,031;1,29;,61;2,54;2,56
938;1;2,54;2;,55;,56;,61;,53;,57;,66;,012;,063;,047;1,07;1;2,54;2,56
932;0;2,56;100;,55;,54;,6;,59;,56;,65;,008;,07;,039;1;1,15;2,54;2,56
931;0;2,56;2;,6;,56;,61;,68;,6;,67;,008;,055;,047;1;1,01;2,54;2,56
930;1;2,54;28,18;,65;,58;,62;,72;,6;,67;0;,063;,055;,41;1,15;2,52;2,54
927;0;2,52;11,65;,6;,56;,62;,69;,59;,66;,008;,071;,071;,64;,81;2,5;2,52
927;1;2,52;4,59;,65;,56;,62;,73;,59;,67;,008;,071;,079;1;,96;2,5;2,52
924;1;2,5;31,39;,6;,56;,62;,73;,59;,67;,024;,072;,088;,81;1,04;2,5;2,52
908;0;2,52;,09;,55;,54;,62;,62;,58;,66;,008;,056;,075;1;1;2,5;2,52
907;0;2,52;6;,6;,54;,63;,64;,58;,67;,008;,056;,087;1;1,02;2,5;2,52
907;1;2,5;5,35;,65;,56;,64;,67;,6;,67;,024;,052;,096;1,01;1;2,5;2,52
899;0;2,52;,18;,65;,56;,63;,7;,62;,67;,016;,04;,087;,84;,85;2,5;2,52
897;1;2,5;21,83;,7;,56;,64;,7;,61;,67;,024;,048;,1;1,03;,81;2,5;2,52
890;1;2,5;54;,7;,56;,63;,7;,61;,66;,032;,048;,16;1,09;,98;2,5;2,52
889;1;2,5;20;,65;,56;,62;,63;,6;,66;,032;,04;,14;1,03;1;2,5;2,52
884;0;2,52;200;,6;,56;,62;,58;,6;,66;,016;,032;,119;1;1,76;2,5;2,52
882;0;2,54;2;,6;,56;,62;,68;,65;,69;,008;,016;,122;1,28;,83;2,52;2,54
881;0;2,54;10,96;,65;,58;,62;,69;,66;,69;,008;,016;,11;,95;1,04;2,52;2,54
879;1;2,52;19,92;,65;,6;,63;,68;,67;,7;,016;,032;,119;1,04;1;2,52;2,54
873;1;2,52;150;,6;,58;,62;,65;,67;,69;,016;,024;,119;,9;1,06;2,52;2,54
872;1;2,52;36,1;,55;,58;,61;,59;,65;,68;,008;,024;,079;,9;,49;2,52;2,54
870;1;2,52;107,56;,55;,56;,61;,58;,62;,68;,008;,016;,087;,72;1;2,5;2,54
847;1;2,5;15;,55;,56;,6;,53;,6;,67;,024;,024;,088;1,16;,99;2,5;2,52
813;1;2,52;100;,5;,56;,59;,52;,6;,67;,016;,016;,079;1,1;1,09;2,52;2,54
802;0;2,52;19;,5;,56;,59;,47;,58;,66;,008;,016;,079;,6;1,14;2,5;2,52
802;1;2,52;93,02;,55;,58;,6;,53;,59;,66;0;,016;,079;1;,87;2,5;2,54
801;0;2,52;9,05;,5;,56;,59;,44;,57;,65;0;,016;,079;1,02;1,17;2,5;2,52
792;0;2,52;126,96;,5;,56;,59;,44;,57;,65;-,008;,024;,087;1;1,23;2,5;2,52
791;1;2,5;35,1;,55;,58;,59;,52;,62;,67;,008;,032;,092;1,04;,85;2,5;2,54
783;1;2,52;100;,5;,58;,58;,45;,61;,66;0;,024;,079;1,12;1,1;2,52;2,54
779;1;2,52;108,8;,5;,58;,58;,44;,59;,65;-,008;,032;,079;1,15;1;2,52;2,54
773;1;2,52;10;,5;,56;,57;,42;,55;,64;0;,02;,079;1,01;1;2,52;2,54
768;1;2,5;4,53;,45;,56;,57;,4;,57;,64;0;,032;,088;,77;1;2,5;2,54
757;0;2,52;100;,45;,54;,56;,43;,57;,64;-,008;,024;,079;1,16;,98;2,5;2,54
742;0;2,52;90;,5;,56;,57;,49;,6;,67;-,008;,008;,071;,98;1,11;2,5;2,52
733;0;2,54;7;,5;,56;,57;,53;,64;,69;-,008;0;,071;,98;,89;2,5;2,54
729;1;2,5;31,58;,5;,58;,58;,52;,65;,69;,016;,016;,088;1,04;1;2,5;2,54
712;0;2,54;30;,5;,58;,57;,5;,64;,69;0;,008;,079;1,16;1,08;2,52;2,54
711;0;2,54;50;,5;,58;,57;,52;,63;,69;-,008;0;,071;1;1,15;2,52;2,54
709;0;2,54;18,34;,5;,6;,57;,56;,67;,71;-,008;0;,063;1;1,12;2,52;2,56
706;1;2,52;10;,55;,62;,58;,66;,69;,72;0;,016;,071;1;1,04;2,52;2,56
704;1;2,53;5;,55;,62;,57;,69;,69;,7;-,004;,012;,059;1,13;1;2,52;2,56
703;0;2,56;5,66;,5;,62;,57;,66;,69;,7;-,023;0;,047;,97;1,02;2,52;2,56
700;1;2,52;2,5;,55;,64;,57;,67;,7;,71;0;,024;,063;1;1;2,52;2,56
695;1;2,52;101,02;,55;,64;,57;,68;,7;,71;0;,024;,063;,64;,66;2,5;2,52
692;0;2,52;90,55;,55;,64;,56;,64;,69;,69;0;,016;,056;1,1;1,06;2,5;2,52
688;0;2,52;4,96;,55;,66;,56;,72;,73;,71;0;,016;,063;1;1,01;2,5;2,52
688;1;2,5;16,12;,6;,68;,57;,73;,73;,72;,008;,024;,08;1,02;1;2,5;2,52
681;0;2,52;79,47;,6;,66;,57;,75;,73;,72;-,008;,016;,063;1;1;2,5;2,54
680;1;2,52;80,08;,6;,68;,58;,84;,77;,74;0;,016;,063;,83;1,12;2,5;2,52
679;1;2,52;79,09;,6;,66;,58;,83;,75;,73;0;,008;,063;1,03;,87;2,5;2,54
679;0;2,52;19,92;,55;,66;,57;,7;,79;,72;0;,008;,071;1,67;1;2,52;2,54
669;1;2,52;43,3;,6;,66;,57;,72;,77;,72;-,008;,016;,087;1,02;1;2,52;2,54
667;1;2,52;5;,6;,66;,57;,71;,76;,73;0;,016;,071;1,01;1;2,52;2,54
666;0;2,54;30;,6;,66;,56;,71;,76;,7;-,008;0;,063;1;1,08;2,52;2,54
660;0;2,54;15;,65;,68;,57;,75;,78;,71;0;-,008;,063;,86;1,04;2,52;2,54
659;1;2,52;7;,65;,68;,57;,77;,78;,71;-,008;0;,071;,97;1,21;2,52;2,54
657;0;2,54;3,26;,6;,68;,57;,77;,78;,71;0;-,016;,055;1;1,01;2,52;2,54
651;0;2,54;2,25;,65;,7;,57;,78;,79;,71;0;-,008;,047;1;1,01;2,52;2,54
651;1;2,52;133,52;,7;,72;,57;,78;,79;,71;,008;0;,056;,76;,82;2,5;2,54
649;1;2,52;92,71;,7;,72;,57;,73;,78;,7;0;-,008;,044;1,53;1;2,5;2,54
648;0;2,52;32;,65;,7;,57;,59;,75;,69;,004;0;,04;,94;1;2,52;2,54
647;1;2,5;8;,7;,72;,58;,71;,78;,7;,024;0;,048;,61;1;2,5;2,54
646;1;2,5;16;,65;,7;,58;,71;,76;,7;,008;0;,048;,97;,98;2,5;2,54
642;1;2,5;8;,65;,68;,58;,7;,75;,7;,008;0;,04;1,27;,96;2,5;2,52
640;0;2,52;3;,6;,68;,57;,69;,76;,7;0;0;,032;1;1,01;2,5;2,52
639;1;2,5;13;,65;,68;,57;,7;,75;,69;,008;,016;,032;1,01;1,01;2,5;2,52
638;1;2,5;81,38;,65;,66;,56;,7;,75;,69;0;,016;,032;1,1;1;2,5;2,52
636;0;2,52;3,01;,6;,66;,55;,53;,74;,67;0;0;,032;,96;1,01;2,5;2,52
635;0;2,52;81,21;,65;,64;,56;,64;,73;,7;0;0;,024;1,62;1,01;2,52;2,54
635;1;2,52;28;,65;,66;,56;,6;,73;,7;0;0;,024;,89;1;2,52;2,54
634;1;2,52;8;,7;,66;,56;,76;,78;,71;0;0;,016;,98;1;2,52;2,54
630;1;2,52;15;,7;,64;,56;,77;,77;,74;0;-,008;,016;,98;1,03;2,52;2,54
629;1;2,52;5;,7;,62;,55;,76;,77;,73;0;0;,016;1,01;1;2,52;2,54
621;1;2,52;5,9;,7;,62;,55;,78;,78;,73;,008;0;,016;,91;1,02;2,52;2,54
618;0;2,54;,16;,7;,62;,54;,78;,78;,73;0;-,008;,008;,99;1,23;2,52;2,54
610;0;2,54;1,34;,75;,62;,55;,79;,77;,73;-,008;-,008;,008;1;,85;2,52;2,54
610;1;2,52;15;,8;,62;,56;,79;,77;,74;,008;0;,024;1,02;1;2,52;2,54
607;1;2,52;5;,75;,6;,56;,78;,74;,75;,008;-,008;,024;1,06;1;2,52;2,54
606;1;2,52;17,59;,75;,58;,56;,78;,73;,75;0;0;,024;,98;,99;2,52;2,54
604;0;2,54;39,25;,7;,58;,55;,73;,73;,75;-,008;-,008;,024;1;1,12;2,52;2,54
599;1;2,52;94,56;,75;,58;,55;,88;,75;,75;0;0;,02;1,18;1;2,52;2,54
595;0;2,54;1,25;,7;,58;,55;,79;,73;,74;-,016;-,016;,016;,93;1;2,52;2,54
595;1;2,52;,09;,75;,58;,55;,8;,73;,74;-,008;0;,024;1,03;1;2,52;2,54
594;0;2,54;1,87;,75;,58;,54;,8;,75;,74;-,016;-,008;0;,97;1,01;2,52;2,54
592;1;2,52;5;,8;,58;,55;,81;,74;,74;0;,008;,008;1,01;1;2,52;2,54
589;0;2,54;60,72;,75;,56;,54;,8;,74;,73;-,016;-,016;0;2,02;1,06;2,54;2,56
589;1;2,54;11,56;,75;,58;,54;,8;,75;,74;-,016;0;,008;,9;1;2,54;2,56
582;1;2,54;71,45;,8;,56;,54;,87;,77;,74;-,008;0;0;1,06;1,05;2,52;2,56
581;1;2,52;72,44;,8;,54;,54;,86;,75;,73;0;,008;,008;,8;,94;2,52;2,54
580;1;2,52;,37;,8;,54;,54;,85;,76;,73;0;0;,016;1,07;,98;2,52;2,54
569;1;2,52;26,31;,75;,52;,54;,83;,72;,73;0;,004;,016;,97;,99;2,52;2,54
556;1;2,52;4,01;,75;,52;,53;,83;,72;,72;0;,016;,016;,8;1;2,52;2,54
549;1;2,52;50;,7;,5;,53;,79;,72;,73;0;0;,024;1,16;,97;2,52;2,54
548;1;2,52;5;,65;,5;,53;,76;,71;,73;0;0;,024;1,03;1;2,52;2,54
546;1;2,52;5;,65;,48;,53;,78;,7;,73;,008;0;,016;,51;1,24;2,5;2,52
535;1;2,5;5;,6;,46;,52;,77;,7;,7;,016;,008;,024;1,11;,88;2,5;2,52
533;1;2,5;5,5;,6;,48;,52;,77;,7;,7;,008;0;,024;1,01;,85;2,5;2,52
533;0;2,52;3,93;,55;,46;,52;,76;,7;,7;0;0;,016;1;1,01;2,5;2,52
531;0;2,48;23,1;,55;,48;,52;,76;,71;,7;,016;,016;,032;,93;,97;2,46;2,52
531;1;2,49;309,91;,55;,5;,52;,78;,72;,7;,02;,012;,02;1,07;1,81;2,46;2,48
525;0;2,5;59,15;,55;,48;,52;,64;,62;,67;,008;,008;,016;1,24;,93;2,48;2,52
522;1;2,5;34,41;,55;,48;,52;,73;,65;,68;,016;,008;,024;,99;,59;2,5;2,52
511;1;2,5;5;,5;,48;,52;,7;,69;,68;,008;,008;,024;1,01;1;2,5;2,52
510;1;2,5;6;,5;,46;,51;,72;,62;,68;,016;,016;,016;1,01;1;2,5;2,52
506;0;2,5;9,2;,5;,46;,51;,72;,62;,68;,008;,016;,008;,91;1,05;2,5;2,52
506;1;2,5;5,8;,5;,46;,51;,73;,61;,68;,016;,008;,008;,84;1,97;2,48;2,5
494;1;2,5;16;,45;,46;,51;,72;,63;,68;,016;,016;0;1,2;,51;2,5;2,52
491;1;2,5;16;,4;,44;,51;,62;,62;,68;,016;,016;,008;,99;1;2,5;2,52
487;1;2,5;54,33;,35;,42;,5;,58;,62;,68;,008;,008;,008;1,06;,86;2,5;2,52
474;0;2,5;17;,35;,42;,5;,52;,6;,72;,008;,008;0;,76;2,35;2,48;2,5
474;1;2,5;37,67;,35;,44;,51;,54;,61;,72;,008;,008;,008;1;,91;2,48;2,5
473;0;2,51;36,77;,35;,44;,5;,48;,6;,7;,004;-,004;-,004;1,31;1,04;2,48;2,52
468;0;2,52;14,9;,35;,46;,51;,54;,62;,72;0;-,008;-,008;,88;,6;2,5;2,52
464;1;2,5;79,14;,4;,48;,51;,69;,63;,71;,008;0;0;,86;2,98;2,48;2,5
464;0;2,5;11,41;,35;,46;,5;,58;,6;,71;,008;,008;,008;1,04;,37;2,48;2,52
462;1;2,49;2;,4;,46;,51;,62;,59;,7;,004;,004;,02;1,29;1;2,5;2,52
462;0;2,52;2;,4;,46;,51;,63;,6;,71;-,008;-,008;,008;,97;,99;2,48;2,52
461;0;2,52;6,6;,35;,44;,51;,6;,58;,7;0;0;0;1,01;,99;2,5;2,52
460;0;2,52;5,4;,35;,46;,51;,6;,65;,7;-,016;0;0;,99;1,01;2,5;2,52
459;1;2,5;26,98;,4;,48;,52;,71;,66;,7;-,004;,008;,008;,8;2,72;2,48;2,5
458;0;2,5;1,02;,35;,46;,52;,58;,63;,7;0;,008;,008;1,28;,36;2,5;2,52
444;0;2,52;,16;,4;,48;,53;,6;,7;,7;-,008;0;-,008;,75;,82;2,5;2,52
444;1;2,5;26,76;,4;,48;,53;,6;,7;,7;0;,008;,008;1;1;2,5;2,52
442;1;2,5;5;,4;,48;,52;,59;,7;,67;0;,008;,008;,99;,99;2,5;2,52
441;0;2,52;2;,35;,46;,52;,57;,7;,67;-,008;,008;0;,96;1,2;2,5;2,52
439;0;2,52;5,24;,35;,48;,52;,56;,7;,67;-,008;,008;0;2;,83;2,52;2,54
437;0;2,54;51,51;,4;,5;,53;,58;,72;,68;-,016;-,008;-,008;,94;1,26;2,52;2,54
436;0;2,54;13,86;,45;,52;,53;,67;,75;,68;-,016;-,008;-,016;1,26;,93;2,54;2,56
436;1;2,54;2;,5;,54;,54;,71;,77;,69;-,016;-,008;-,008;,76;,96;2,52;2,56
433;0;2,56;2,18;,5;,52;,53;,71;,76;,69;-,023;-,008;-,016;1,24;1,06;2,54;2,56
427;1;2,54;2;,5;,52;,53;,69;,75;,68;-,016;-,008;-,008;1,04;1;2,54;2,56
421;0;2,56;4,93;,45;,52;,53;,65;,75;,68;-,02;-,008;-,023;1;1,02;2,54;2,56
416;1;2,53;90,54;,5;,52;,54;,75;,75;,69;-,004;-,004;-,004;,66;1;2,52;2,56
413;0;2,54;5,03;,45;,5;,53;,58;,74;,66;-,016;0;-,008;1,3;1,02;2,52;2,54
412;1;2,52;14,17;,5;,52;,54;,59;,74;,66;-,008;0;,008;,91;1;2,52;2,54
410;0;2,54;4,45;,45;,5;,54;,56;,73;,66;-,02;0;-,016;1,08;1,03;2,52;2,54
409;0;2,54;9;,5;,52;,54;,59;,73;,66;-,008;0;0;,97;1,03;2,52;2,54
407;0;2,54;6,16;,5;,52;,55;,6;,71;,67;-,008;0;0;1;1,02;2,52;2,54
406;1;2,51;90,54;,5;,54;,55;,6;,72;,66;,004;,004;,012;,57;1;2,5;2,54
405;0;2,54;61,34;,5;,54;,54;,55;,71;,65;-,016;-,008;-,008;2,19;,94;2,52;2,54
405;1;2,52;15,57;,55;,56;,55;,62;,73;,67;-,008;0;,004;,46;,94;2,5;2,52
402;0;2,54;2;,55;,54;,55;,61;,72;,67;-,008;-,008;,008;1,96;,89;2,52;2,54
400;1;2,52;23,89;,6;,56;,56;,62;,74;,67;-,008;0;0;1,09;1,13;2,5;2,54
399;0;2,52;11,59;,6;,56;,55;,6;,75;,66;-,008;0;0;,41;1,01;2,5;2,52
391;0;2,52;10;,6;,58;,55;,61;,75;,67;0;0;0;2,71;,8;2,52;2,54
391;1;2,52;11,59;,6;,58;,55;,6;,71;,67;0;-,008;0;1,04;1;2,52;2,54
389;1;2,52;15;,55;,58;,55;,57;,71;,67;,008;-,008;-,008;,35;1,04;2,5;2,54
381;1;2,52;19,31;,5;,56;,55;,53;,7;,68;,008;0;0;2,56;1,02;2,52;2,54
371;0;2,52;11,59;,5;,54;,53;,67;,69;,65;,008;-,016;0;,38;1,22;2,5;2,52
371;1;2,52;2;,5;,56;,54;,67;,69;,67;,016;-,012;0;,96;,96;2,5;2,52
369;0;2,5;24,36;,5;,56;,54;,64;,69;,65;,016;0;,008;1,27;,78;2,48;2,5
369;1;2,5;153,25;,55;,56;,54;,77;,7;,65;,024;0;,008;1;,94;2,48;2,5
368;0;2,5;103,46;,5;,56;,53;,71;,68;,62;,012;0;,008;1,33;3,31;2,48;2,52
364;1;2,5;2;,55;,56;,54;,82;,72;,66;,016;0;,016;,74;1,09;2,48;2,5
359;0;2,52;23,17;,5;,56;,53;,82;,72;,66;0;-,008;,008;1,26;,35;2,48;2,52
358;1;2,49;45,01;,55;,56;,54;,85;,73;,66;,02;,004;,012;,98;1,09;2,48;2,52
357;0;2,52;,03;,55;,56;,53;,85;,72;,64;,008;-,008;,008;,9;,84;2,5;2,52
356;0;2,52;2,13;,6;,58;,53;,86;,72;,64;,008;-,008;,008;1;1,01;2,5;2,52
352;1;2,52;11,59;,65;,58;,54;,88;,72;,64;-,004;-,008;0;2,78;1,06;2,52;2,54
350;1;2,52;5;,6;,58;,54;,86;,78;,64;,008;-,008;0;,96;1;2,52;2,54
348;1;2,52;5;,55;,58;,53;,84;,78;,63;0;-,008;0;1,02;1;2,52;2,54
346;1;2,52;9,99;,55;,56;,53;,84;,75;,63;,008;-,004;-,008;,92;1,12;2,52;2,54
342;1;2,52;3;,5;,56;,53;,84;,76;,63;0;0;-,008;1,01;1,04;2,52;2,54
338;0;2,54;7,5;,45;,54;,52;,82;,75;,63;-,008;-,016;-,016;,97;1,03;2,52;2,54
337;0;2,54;18;,5;,54;,53;,83;,75;,63;-,008;-,016;-,008;1;1,07;2,52;2,54
334;0;2,55;13,31;,5;,56;,54;,83;,75;,64;-,012;-,024;-,02;,67;1,24;2,54;2,56
333;0;2,56;22,06;,55;,56;,54;,84;,74;,64;-,016;-,016;-,023;,9;1,17;2,54;2,56
332;1;2,54;213,77;,55;,58;,55;,81;,75;,66;-,008;-,008;-,008;2,32;1;2,54;2,56
330;0;2,57;43,81;,55;,56;,53;,77;,73;,63;-,019;-,019;-,019;,93;2,01;2,54;2,6
330;1;2,56;17,46;,55;,56;,54;,77;,73;,64;-,016;-,023;-,016;,8;1,07;2,54;2,56
329;1;2,56;294,15;,6;,58;,54;,81;,74;,64;-,023;-,023;-,016;1,42;,72;2,52;2,6
328;0;2,57;9,62;,55;,58;,54;,69;,7;,61;-,027;-,019;-,019;1,16;,42;2,54;2,58
328;1;2,56;30;,6;,58;,54;,75;,7;,55;-,023;-,023;-,016;1;,96;2,54;2,56
324;0;2,56;,03;,6;,56;,54;,76;,65;,55;-,023;-,023;-,016;1,11;1,27;2,56;2,58
323;1;2,54;12,68;,65;,58;,54;,76;,65;,54;-,008;-,008;0;,85;1;2,54;2,58
321;1;2,55;83,52;,6;,56;,54;,64;,64;,54;-,024;-,012;-,004;,89;1,33;2,54;2,58
320;1;2,54;53,12;,6;,56;,54;,6;,64;,53;-,008;0;-,008;1,03;,92;2,52;2,54
318;1;2,52;84,08;,55;,54;,53;,55;,62;,53;0;,008;0;,4;,92;2,5;2,52
318;0;2,52;21,59;,55;,54;,53;,48;,61;,52;0;,008;0;1;1,65;2,5;2,52
316;1;2,5;32,16;,6;,54;,54;,51;,62;,52;,008;,024;,016;1,12;,59;2,48;2,5
316;0;2,51;20,3;,55;,54;,54;,49;,62;,52;,004;,012;,004;1;,91;2,48;2,52
315;0;2,5;4,07;,55;,54;,54;,47;,62;,52;,008;,024;,016;,97;1,01;2,48;2,5
313;0;2,5;14,19;,6;,56;,54;,53;,62;,52;,008;,012;,008;1;1,03;2,48;2,52
311;1;2,49;19,06;,6;,56;,54;,52;,6;,52;,02;,02;,02;1,02;1,1;2,48;2,5
311;0;2,5;27,13;,6;,56;,54;,52;,59;,53;,016;,008;,008;1;1,07;2,48;2,52
310;1;2,48;3;,6;,58;,54;,54;,6;,51;,028;,024;,024;1,01;1;2,48;2,5
307;1;2,5;30,7;,65;,58;,53;,62;,63;,48;,024;,016;,016;,96;,74;2,48;2,52
307;0;2,5;53,59;,6;,56;,53;,54;,6;,5;,016;,016;,016;,97;1;2,5;2,52
305;1;2,5;13,88;,6;,56;,52;,59;,6;,47;,028;,004;,008;,95;1,04;2,5;2,52
303;1;2,5;2;,6;,54;,52;,77;,6;,48;,024;,016;,008;,96;1,42;2,5;2,52
300;1;2,51;95,72;,6;,56;,52;,72;,62;,53;,02;,004;,004;8,79;1,55;2,5;2,54
300;0;2,52;15,59;,6;,54;,52;,78;,61;,52;,02;,008;0;,72;,42;2,52;2,54
299;1;2,5;76,37;,6;,56;,51;,73;,62;,52;,024;,008;,008;1,26;,93;2,46;2,54
298;0;2,48;121,59;,5;,52;,5;,68;,59;,51;,032;,016;,016;,15;1,66;2,46;2,48
298;1;2,46;2;,55;,54;,51;,69;,59;,51;,033;,024;,024;,91;1;2,46;2,48
297;1;2,46;1;,55;,52;,51;,77;,62;,52;,037;,024;,016;1,11;,94;2,46;2,48
297;0;2,48;22,47;,5;,52;,5;,73;,65;,52;,024;,016;,008;1,02;1;2,46;2,48
296;1;2,49;1,36;,55;,54;,5;,75;,66;,53;,012;,012;,012;,98;1,1;2,46;2,52
296;0;2,48;9,1;,5;,52;,49;,75;,66;,53;,016;,016;0;1;,93;2,46;2,52
295;0;2,54;6,91;,55;,52;,49;,77;,62;,53;-,016;-,008;-,02;2,93;,64;2,52;2,54
295;1;2,5;1;,55;,52;,49;,76;,61;,53;,004;0;0;,25;,92;2,5;2,54
294;1;2,52;55;,6;,52;,5;,77;,6;,53;-,008;-,008;-,008;1,2;1,58;2,5;2,54
294;0;2,52;19;,55;,5;,5;,74;,58;,52;-,008;-,008;-,008;1;1;2,5;2,52
293;0;2,52;9,26;,55;,5;,5;,67;,62;,53;-,012;-,008;-,008;5,05;,55;2,52;2,54
293;1;2,52;19,24;,55;,52;,5;,67;,62;,52;-,008;0;-,008;,2;1;2,5;2,54
292;1;2,5;6,36;,55;,52;,51;,66;,62;,53;-,008;-,004;0;1,02;1,65;2,5;2,52
289;1;2,5;33,62;,55;,5;,5;,68;,59;,52;0;,008;0;,99;1,01;2,48;2,5
289;0;2,5;11,05;,5;,48;,5;,65;,58;,52;0;,008;0;,95;,96;2,48;2,5
288;1;2,46;445,21;,55;,5;,5;,67;,59;,52;,016;,024;,016;6,55;2,79;2,44;2,46
286;1;2,48;4;,5;,5;,5;,46;,51;,49;,008;,016;,008;,42;,35;2,48;2,5
286;0;2,49;90,28;,45;,48;,5;,44;,49;,49;,008;,012;,004;2,21;,99;2,44;2,5
281;1;2,48;125,72;,5;,5;,51;,53;,51;,52;,016;,016;,012;,48;,95;2,46;2,5
281;0;2,49;26,05;,5;,5;,5;,43;,48;,51;,004;,012;,012;1,12;1,04;2,46;2,5
280;0;2,5;10,32;,5;,5;,51;,39;,48;,51;-,008;,016;0;1;,72;2,46;2,5
279;1;2,48;2;,55;,52;,51;,4;,49;,49;-,008;,024;,008;,34;1,19;2,48;2,5
279;0;2,5;53,19;,55;,52;,51;,4;,52;,5;-,016;,02;-,004;1,16;1,12;2,48;2,52
278;1;2,51;19,29;,55;,52;,51;,43;,53;,5;-,012;,02;,004;,76;1,28;2,5;2,54
278;0;2,52;2,3;,55;,52;,51;,47;,55;,51;-,012;,008;0;1,66;,69;2,52;2,54
276;1;2,5;20,53;,55;,52;,51;,43;,55;,5;-,008;,028;,008;,6;1,14;2,5;2,54
275;1;2,5;23,25;,5;,5;,51;,41;,54;,51;,016;,024;0;1,8;,98;2,5;2,54
274;0;2,52;27,27;,5;,5;,5;,45;,54;,48;-,008;,016;-,008;1,11;1;2,52;2,54
274;1;2,52;3,49;,5;,5;,5;,46;,54;,48;0;,02;0;,52;1;2,5;2,54
272;0;2,54;113,39;,55;,5;,51;,54;,45;,49;-,008;,008;-,016;2,08;1,82;2,5;2,56
271;1;2,54;13,12;,55;,52;,51;,58;,47;,49;-,008;,008;-,016;,93;,68;2,54;2,56
271;0;2,56;31,29;,5;,5;,51;,57;,46;,5;-,016;-,008;-,016;1,54;1,13;2,56;2,58
270;0;2,57;22,89;,5;,52;,51;,62;,45;,5;-,027;-,008;-,019;,35;1,1;2,54;2,58
270;1;2,56;75,36;,5;,52;,51;,59;,46;,5;-,023;-,008;-,008;,94;,89;2,56;2,58
269;1;2,56;42,42;,55;,52;,51;,65;,45;,5;-,023;-,016;-,008;1,21;1;2,54;2,58
269;0;2,56;2,56;,5;,52;,5;,62;,44;,49;-,039;-,016;-,008;,71;,99;2,54;2,56
268;0;2,56;28,98;,5;,54;,51;,52;,45;,49;-,031;-,023;0;1,23;1,03;2,54;2,56
266;1;2,54;34;,55;,54;,52;,54;,45;,49;-,02;-,012;0;,84;,88;2,54;2,56
263;0;2,58;88,49;,45;,52;,52;,45;,45;,5;-,039;-,031;-,008;2,26;1,69;2,58;2,6
263;1;2,58;5;,5;,54;,52;,49;,45;,5;-,035;-,031;-,019;1,02;1;2,58;2,6
262;1;2,58;9;,5;,52;,53;,61;,46;,51;-,031;-,035;-,016;1;1;2,58;2,6
257;1;2,56;2;,45;,52;,53;,61;,47;,51;-,031;-,023;-,016;,63;,6;2,56;2,58
254;0;2,58;14,92;,45;,5;,52;,61;,44;,49;-,031;-,039;-,016;1;1,26;2,56;2,58
253;1;2,56;65,62;,45;,5;,53;,56;,42;,5;-,02;-,023;-,008;1,16;,97;2,56;2,58
252;0;2,58;55;,4;,48;,52;,52;,38;,49;-,023;-,031;-,016;,8;1,6;2,56;2,58
251;0;2,58;12,98;,45;,48;,53;,56;,38;,49;-,031;-,031;-,027;1,17;,86;2,58;2,6
250;1;2,58;83,7;,5;,5;,53;,58;,39;,49;-,031;-,031;-,016;1,02;,96;2,56;2,6
249;1;2,56;,2;,45;,5;,52;,5;,47;,49;-,016;-,02;-,016;1,03;,62;2,56;2,58
248;0;2,56;49,83;,45;,46;,51;,45;,45;,48;-,016;-,016;-,008;,73;,82;2,54;2,58
248;1;2,56;96,68;,45;,48;,52;,5;,47;,49;-,008;-,023;-,016;1,64;1,22;2,54;2,58
247;0;2,56;2;,45;,48;,52;,47;,46;,49;-,008;-,031;-,016;,58;,9;2,54;2,56
244;0;2,56;5,67;,5;,48;,53;,49;,46;,49;0;-,039;-,016;1,08;1,18;2,56;2,58
243;1;2,56;119,19;,55;,5;,53;,55;,46;,49;,004;-,039;-,016;,8;1;2,54;2,58
242;1;2,54;15,75;,5;,48;,52;,49;,44;,47;,008;-,024;-,008;1,11;,47;2,54;2,56
242;0;2,56;2,04;,5;,46;,52;,54;,44;,47;0;-,027;-,016;,95;1,03;2,54;2,56
241;0;2,56;144,82;,5;,46;,52;,53;,44;,45;0;-,031;-,016;1,43;1,52;2,56;2,58
240;1;2,58;7,69;,5;,46;,52;,6;,46;,46;-,008;-,016;-,023;1,2;1,44;2,58;2,6
240;0;2,58;46,51;,5;,46;,52;,6;,46;,49;-,016;-,031;-,031;1,12;1;2,58;2,6
239;0;2,6;68,53;,55;,48;,53;,63;,47;,49;-,008;-,031;-,038;1,04;1,55;2,58;2,62
236;0;2,56;2,96;,55;,48;,53;,33;,43;,48;,008;-,016;-,023;,53;,29;2,54;2,56
236;1;2,58;240,03;,55;,5;,53;,44;,48;,5;0;-,023;-,031;2;3,55;2,54;2,62
235;0;2,58;113,42;,55;,5;,53;,32;,46;,47;-,008;-,023;-,023;,51;,42;2,54;2,6
235;1;2,54;2,83;,55;,5;,53;,32;,45;,47;,016;-,016;-,02;,99;1;2,54;2,56
234;0;2,58;26,47;,6;,5;,53;,36;,46;,48;-,008;-,031;-,023;1,52;,41;2,58;2,6
232;1;2,58;47,07;,6;,52;,54;,36;,46;,48;0;-,031;-,023;,63;1,32;2,56;2,58
231;0;2,56;106,02;,6;,5;,53;,34;,48;,49;,008;-,039;-,016;1,23;1,21;2,54;2,56
231;1;2,56;27,82;,6;,5;,54;,33;,45;,49;,008;-,031;-,016;,77;,82;2,54;2,56
230;1;2,56;1;,6;,52;,53;,36;,49;,47;0;-,027;-,016;1,67;,94;2,56;2,58
228;1;2,56;5;,6;,52;,53;,38;,53;,47;0;-,031;-,016;1,23;1;2,56;2,58
227;0;2,58;5;,55;,5;,53;,37;,53;,48;-,008;-,035;-,023;,97;,98;2,56;2,58
223;1;2,56;37,55;,55;,52;,53;,37;,53;,48;0;-,023;-,008;,74;,57;2,54;2,56
222;1;2,54;116,68;,55;,5;,53;,39;,49;,48;,008;-,024;0;1,12;1,12;2,52;2,54
222;0;2,54;2;,5;,5;,52;,25;,48;,47;,008;-,016;,004;1;,99;2,52;2,54
221;0;2,52;20;,45;,5;,53;,13;,48;,46;,008;-,004;,016;1,59;,83;2,5;2,52
221;1;2,52;117,88;,5;,5;,53;,23;,48;,47;,016;0;,008;1,08;,98;2,5;2,54
220;0;2,52;12;,45;,5;,53;,12;,47;,45;,016;-,008;,02;,96;1,03;2,5;2,52
218;1;2,5;3,84;,5;,52;,54;,16;,49;,46;,032;0;,024;,91;,94;2,5;2,54
217;1;2,5;2;,5;,5;,53;,38;,44;,45;,032;,008;,024;,87;1,35;2,5;2,56
217;0;2,55;474,73;,45;,5;,53;,38;,45;,45;,02;-,012;,008;1,23;1;2,5;2,56
216;0;2,54;62,16;,45;,5;,53;,51;,51;,48;,008;0;,008;,64;1,02;2,54;2,56
216;1;2,54;19,49;,45;,52;,53;,51;,52;,48;,016;0;,008;,96;1;2,54;2,56
214;1;2,52;10,96;,45;,52;,53;,53;,54;,49;,024;,016;,008;1,09;1,36;2,52;2,54
212;0;2,54;8;,4;,5;,52;,53;,54;,49;0;,012;,004;1;,93;2,52;2,54
212;1;2,52;1;,45;,5;,53;,53;,53;,49;,024;,016;,008;1;1;2,52;2,54
211;1;2,52;1;,4;,5;,52;,53;,53;,49;,024;,016;0;1;1;2,52;2,54
209;1;2,52;34,33;,35;,48;,52;,53;,53;,49;,016;,016;0;1,67;1,44;2,5;2,54
208;0;2,52;30;,3;,48;,51;,51;,52;,48;,016;,016;-,008;,72;1,08;2,5;2,52
207;1;2,52;18,87;,35;,5;,52;,54;,53;,49;,016;,008;-,004;1,39;,66;2,52;2,54
207;0;2,52;1;,35;,5;,51;,53;,53;,48;,016;,024;-,008;,96;1;2,52;2,54
205;0;2,54;4;,4;,52;,52;,53;,53;,48;,016;,016;-,016;,55;,99;2,52;2,54
204;0;2,55;201,09;,4;,54;,52;,53;,53;,48;,004;,012;-,024;,4;1,04;2,54;2,56
204;1;2,54;68,5;,4;,54;,52;,52;,54;,48;0;,008;-,016;,96;1;2,54;2,56
203;0;2,56;111,84;,45;,54;,52;,63;,54;,49;-,008;,008;-,031;1,08;,97;2,56;2,58
202;0;2,58;176,61;,45;,56;,53;,64;,57;,5;-,023;-,008;-,031;,92;1,27;2,56;2,6
201;1;2,59;60;,5;,58;,54;,81;,6;,54;-,027;-,004;-,035;,87;,98;2,58;2,62
201;0;2,6;81;,5;,56;,53;,76;,58;,5;-,031;-,008;-,038;2,2;,96;2,6;2,62
200;1;2,58;500,01;,5;,56;,53;,83;,59;,53;-,031;0;-,031;,64;1,1;2,56;2,62
199;0;2,58;3,07;,5;,54;,53;,66;,51;,5;-,031;-,008;-,027;2,7;2,21;2,56;2,58
198;0;2,58;4,02;,55;,56;,53;,75;,51;,5;-,012;-,008;-,023;1,16;1,01;2,56;2,58
197;1;2,58;18,11;,55;,56;,54;,75;,51;,51;-,016;-,008;-,031;,73;,41;2,58;2,6
197;0;2,58;,3;,55;,56;,53;,76;,53;,5;-,016;-,008;-,039;,87;2,33;2,56;2,58
196;1;2,58;6,63;,55;,58;,54;,58;,53;,52;-,023;-,008;-,047;1,24;,87;2,56;2,6
196;0;2,58;1,23;,55;,56;,53;,61;,52;,52;-,016;-,008;-,047;1;,43;2,58;2,6
194;0;2,58;2,5;,55;,56;,54;,6;,49;,55;-,023;-,016;-,039;,88;,95;2,56;2,6
193;0;2,6;7,08;,6;,58;,54;,65;,49;,55;-,031;-,015;-,042;1,03;1,19;2,58;2,6
192;0;2,6;11,03;,6;,58;,55;,61;,46;,55;-,031;-,015;-,046;1,1;1;2,6;2,62
189;1;2,6;23,84;,65;,58;,55;,65;,46;,54;-,031;-,008;-,023;,98;1,02;2,6;2,62
187;1;2,6;1,54;,6;,58;,55;,49;,51;,54;-,031;-,008;-,038;1,01;1;2,6;2,62
186;1;2,6;13,98;,6;,58;,54;,52;,51;,53;-,031;0;-,031;1,01;1;2,6;2,62
185;0;2,62;32,34;,6;,56;,53;,51;,51;,52;-,031;-,023;-,038;1;1,17;2,6;2,62
184;1;2,6;99,81;,6;,58;,54;,52;,51;,53;-,019;-,008;-,031;1,09;,99;2,58;2,62
179;1;2,58;12,98;,6;,56;,53;,52;,49;,51;-,016;0;-,023;,75;,75;2,58;2,6
179;0;2,6;89,42;,55;,56;,53;,51;,49;,51;-,015;-,023;-,038;1;1;2,58;2,6
178;1;2,58;2;,6;,56;,54;,54;,5;,52;0;0;-,031;,98;,95;2,58;2,6
178;0;2,6;21,63;,55;,56;,53;,53;,5;,5;-,004;-,008;-,038;1;1;2,58;2,6
175;1;2,58;151,56;,55;,58;,54;,53;,52;,52;,008;-,008;-,047;1,19;,97;2,56;2,6
173;1;2,58;1,54;,55;,56;,53;,48;,49;,5;0;-,008;-,039;,93;1;2,58;2,6
171;1;2,58;189,85;,55;,54;,53;,48;,46;,5;0;-,008;-,035;1;1,89;2,56;2,6
169;0;2,58;6,2;,55;,54;,52;,43;,42;,48;0;-,008;-,039;,96;,9;2,56;2,58
168;1;2,56;30;,6;,56;,52;,43;,43;,48;,008;,008;-,027;1,21;,98;2,56;2,58
168;0;2,58;210,34;,6;,54;,51;,43;,43;,48;0;-,008;-,031;1;1;2,56;2,6
167;1;2,56;60,84;,65;,56;,52;,51;,47;,5;,008;-,008;-,031;1,13;,99;2,56;2,6
166;0;2,58;12,85;,6;,54;,51;,44;,45;,5;0;-,016;-,031;,96;1,13;2,56;2,58
165;1;2,57;124,39;,65;,56;,52;,48;,45;,5;,004;-,019;-,023;1,24;1,02;2,56;2,58
165;0;2,58;66,78;,6;,56;,51;,39;,43;,49;,008;-,023;-,023;1;,87;2,56;2,6
163;1;2,62;116;,65;,56;,52;,41;,43;,5;-,008;-,038;-,046;,87;2,31;2,62;2,64
163;0;2,6;398,32;,6;,56;,51;,35;,41;,49;0;-,038;-,038;,8;1,05;2,6;2,64
161;1;2,62;90,54;,6;,56;,52;,54;,47;,53;-,008;-,046;-,038;,96;,81;2,62;2,64
160;1;2,64;7;,6;,56;,51;,48;,45;,52;-,015;-,034;-,045;,66;,85;2,64;2,66
160;0;2,64;16,34;,55;,54;,5;,47;,44;,51;-,008;-,038;-,038;1,02;1,27;2,64;2,66
159;1;2,64;98,12;,6;,56;,51;,56;,44;,52;-,015;-,038;-,038;1,08;,87;2,62;2,66
159;0;2,65;10;,6;,54;,51;,5;,42;,51;-,026;-,049;-,034;,94;1,03;2,62;2,66
158;1;2,64;4;,6;,56;,51;,47;,43;,51;-,015;-,038;-,027;,84;,72;2,62;2,64
158;0;2,66;30;,55;,54;,51;,39;,43;,52;-,03;-,053;-,038;,96;1,24;2,62;2,66
157;0;2,64;38,68;,6;,54;,51;,41;,43;,53;-,015;-,045;-,03;1,16;,92;2,62;2,66
156;1;2,64;4;,6;,56;,51;,35;,44;,53;-,023;-,045;-,03;1,01;,77;2,64;2,66
154;1;2,64;2;,55;,54;,5;,33;,44;,53;-,023;-,045;-,03;,99;,98;2,64;2,66
153;1;2,63;55;,55;,54;,5;,48;,44;,53;-,019;-,042;-,034;,92;1;2,62;2,66
152;1;2,64;7,45;,55;,52;,49;,48;,42;,52;-,023;-,045;-,023;1;1,1;2,62;2,64
151;1;2,62;30;,5;,52;,49;,47;,42;,52;-,023;-,031;-,015;,96;,98;2,62;2,64
149;1;2,62;4,32;,5;,5;,48;,46;,4;,52;-,015;-,027;-,015;1,25;,83;2,62;2,64
149;0;2,64;126,49;,45;,5;,48;,44;,42;,52;-,03;-,038;-,03;1;1,13;2,62;2,66
146;1;2,64;86,59;,5;,5;,48;,49;,42;,52;-,023;-,03;-,023;,78;1,12;2,64;2,66
146;0;2,66;111;,45;,5;,48;,45;,4;,52;-,034;-,03;-,038;,94;1,49;2,64;2,66
145;1;2,66;5,03;,5;,5;,48;,49;,39;,53;-,03;-,026;-,03;1,18;1,28;2,66;2,68
145;0;2,66;4,43;,5;,5;,48;,54;,48;,53;-,015;-,023;-,03;1,33;1,09;2,66;2,68
144;0;2,68;4,66;,5;,5;,48;,53;,47;,52;-,03;-,037;-,037;1,11;1,02;2,66;2,7
143;1;2,68;11,22;,5;,52;,49;,44;,5;,53;-,022;-,037;-,045;,48;,4;2,66;2,7
143;0;2,7;4,06;,5;,5;,48;,44;,5;,53;-,022;-,044;-,052;1,36;1,01;2,68;2,7
142;1;2,68;118,47;,55;,52;,48;,46;,51;,52;-,015;-,037;-,045;,62;1,21;2,66;2,7
141;1;2,66;1;,5;,5;,48;,4;,48;,51;-,008;-,03;-,038;,91;,78;2,66;2,68
141;0;2,68;54,55;,5;,5;,48;,44;,51;,51;-,011;-,037;-,045;1;1,22;2,66;2,68
140;0;2,68;125,93;,5;,5;,48;,44;,52;,51;-,015;-,037;-,045;1,02;1,33;2,66;2,7
139;1;2,68;1;,55;,52;,49;,48;,59;,53;-,007;-,037;-,052;1,92;,82;2,7;2,72
139;0;2,7;185,49;,55;,5;,48;,48;,58;,52;-,022;-,037;-,052;1,39;1,02;2,7;2,74
138;0;2,74;50;,55;,52;,49;,52;,62;,54;-,036;-,051;-,066;,99;1,29;2,72;2,74
136;1;2,71;306,97;,6;,52;,5;,55;,6;,55;-,026;-,041;-,048;,71;,96;2,68;2,74
135;1;2,67;45,32;,55;,52;,5;,38;,57;,54;-,015;-,026;-,034;,71;,74;2,64;2,68
135;0;2,66;30,34;,55;,5;,49;,35;,56;,54;-,008;-,023;-,023;,82;,99;2,64;2,68
134;1;2,68;25,42;,55;,5;,5;,34;,54;,54;-,022;-,022;-,045;1,18;,69;2,64;2,68
134;0;2,68;74,58;,55;,5;,5;,34;,54;,54;-,022;-,03;-,037;1,5;,73;2,68;2,7
133;1;2,66;6,81;,55;,5;,5;,36;,53;,54;-,008;-,03;-,03;1;1,17;2,66;2,68
133;0;2,68;4,73;,55;,5;,5;,39;,53;,56;-,015;-,03;-,052;,99;1;2,66;2,68
132;1;2,66;5;,55;,52;,5;,39;,53;,55;0;-,03;-,03;,91;,96;2,66;2,68
131;1;2,66;101,24;,5;,5;,5;,38;,5;,56;0;-,023;-,03;,59;1,06;2,64;2,66
131;0;2,67;6,81;,5;,5;,5;,31;,51;,55;-,004;-,034;-,041;1,69;,96;2,64;2,68
130;0;2,66;259,12;,5;,5;,5;,3;,51;,55;,008;-,03;-,038;,85;1,78;2,64;2,68
129;1;2,66;4;,55;,52;,51;,46;,55;,58;,008;-,03;-,038;,98;,53;2,66;2,68
128;1;2,66;53;,5;,5;,51;,42;,54;,59;,015;-,03;-,038;,98;1,21;2,66;2,68
128;0;2,68;17,39;,5;,48;,5;,37;,53;,57;0;-,045;-,037;1;1;2,66;2,68
127;1;2,66;80,54;,5;,48;,51;,35;,53;,57;0;-,03;-,038;,67;,96;2,64;2,66
127;0;2,67;60,18;,5;,48;,5;,33;,53;,56;,004;-,041;-,049;1,49;1,04;2,64;2,7
126;1;2,68;6,81;,5;,48;,51;,31;,54;,57;0;-,037;-,052;,94;,74;2,68;2,7
124;1;2,7;10;,5;,48;,5;,31;,55;,57;-,007;-,048;-,067;1,1;1,5;2,7;2,72
124;0;2,7;95,98;,45;,46;,5;,24;,55;,56;0;-,044;-,067;,76;,85;2,68;2,72
123;1;2,72;36,9;,5;,48;,5;,54;,56;,57;,007;-,037;-,074;1,46;2,25;2,7;2,74
123;0;2,72;74,49;,45;,46;,49;,49;,55;,56;-,004;-,044;-,081;1,24;,95;2,7;2,74
122;1;2,7;10;,5;,48;,5;,59;,57;,58;-,011;-,03;-,074;,61;1;2,7;2,72
122;0;2,72;56,81;,45;,46;,49;,59;,57;,56;-,022;-,029;-,062;1,14;1,15;2,7;2,74
121;1;2,7;15;,5;,46;,5;,63;,57;,59;-,007;-,022;-,059;,93;1;2,7;2,74
121;0;2,74;,1;,45;,46;,49;,61;,57;,53;-,022;-,036;-,073;1;1;2,7;2,74
120;1;2,72;40;,5;,48;,5;,65;,58;,55;-,022;-,026;-,074;,84;,96;2,7;2,74
120;0;2,74;5,79;,45;,46;,5;,64;,57;,55;-,022;-,036;-,073;1,08;1,08;2,7;2,74
119;0;2,74;7,3;,5;,48;,5;,72;,59;,52;-,029;-,029;-,08;,87;,97;2,7;2,74
118;1;2,71;10,03;,5;,48;,5;,71;,59;,49;-,018;-,026;-,07;1,07;2,31;2,7;2,74
118;0;2,74;31,74;,5;,46;,5;,71;,58;,49;-,026;-,036;-,08;,99;,71;2,7;2,74
117;1;2,76;30,79;,5;,46;,51;,67;,59;,5;-,036;-,043;-,087;5,6;,78;2,76;2,78
117;0;2,76;57,47;,5;,46;,5;,67;,59;,49;-,036;-,047;-,087;1;1,38;2,76;2,78
116;1;2,78;,43;,5;,46;,5;,68;,58;,5;-,043;-,05;-,094;,51;,68;2,78;2,8
116;0;2,78;47,82;,45;,46;,5;,63;,59;,5;-,036;-,058;-,086;1,19;1,93;2,78;2,8
115;1;2,82;52,87;,5;,46;,5;,65;,59;,49;-,057;-,071;-,096;,39;,86;2,8;2,84
115;0;2,81;89,32;,45;,46;,49;,61;,59;,49;-,05;-,06;-,096;1,54;1,54;2,78;2,84
114;1;2,82;5,55;,5;,46;,5;,63;,59;,49;-,05;-,064;-,092;,49;,66;2,8;2,82
114;0;2,84;172,23;,5;,46;,49;,64;,59;,47;-,049;-,063;-,092;1,25;1,78;2,8;2,88
113;1;2,83;431,75;,5;,46;,5;,63;,62;,48;-,046;-,06;-,085;1,7;,6;2,82;2,86
113;0;2,84;76,8;,5;,46;,49;,57;,57;,45;-,042;-,063;-,085;,94;,49;2,82;2,86
112;1;2,84;193,14;,5;,46;,5;,6;,57;,46;-,042;-,056;-,092;1,13;1,58;2,82;2,86
112;0;2,86;2;,5;,46;,49;,55;,56;,44;-,056;-,063;-,098;,92;,64;2,84;2,86
111;1;2,82;43,8;,5;,46;,5;,53;,56;,45;-,035;-,043;-,085;,85;1,2;2,8;2,84
111;0;2,84;34,68;,45;,44;,49;,51;,53;,44;-,049;-,056;-,092;1,13;,81;2,8;2,84
110;1;2,82;175,12;,45;,46;,5;,51;,54;,46;-,028;-,057;-,085;,85;1,38;2,8;2,84
110;0;2,83;9,95;,45;,46;,49;,49;,51;,45;-,039;-,053;-,088;,95;1;2,8;2,82
109;1;2,79;392,96;,45;,46;,5;,49;,5;,45;-,018;-,039;-,075;4,98;,84;2,76;2,84
109;0;2,82;32,18;,45;,46;,49;,37;,45;,43;-,028;-,05;-,085;,88;1,05;2,76;2,84
108;1;2,75;44,38;,45;,46;,49;,38;,45;,43;-,015;-,018;-,055;,88;,65;2,74;2,78
108;0;2,76;147,98;,45;,46;,49;,36;,44;,43;-,007;-,007;-,058;1;1,2;2,74;2,78
107;1;2,74;16,89;,45;,48;,49;,38;,49;,43;,007;-,011;-,051;,92;1,03;2,74;2,76
107;0;2,76;35,98;,45;,48;,49;,43;,51;,44;0;-,033;-,058;,92;1,13;2,74;2,76
106;0;2,78;154,74;,45;,48;,49;,44;,51;,44;0;-,043;-,065;1,08;,81;2,74;2,8
105;1;2,8;27,56;,45;,5;,5;,47;,55;,45;-,007;-,043;-,064;,28;,45;2,8;2,82
104;0;2,82;110;,45;,5;,49;,48;,55;,45;0;-,05;-,078;1,04;1,03;2,8;2,84
103;1;2,82;,59;,5;,5;,5;,55;,56;,46;-,004;-,057;-,085;,83;1,26;2,82;2,84
102;0;2,85;197,66;,45;,48;,49;,58;,57;,46;-,011;-,06;-,088;1,65;9,61;2,82;2,88
102;1;2,86;31,5;,45;,5;,49;,55;,59;,46;-,007;-,07;-,098;,88;1;2,84;2,88
101;0;2,88;8,9;,4;,5;,49;,62;,6;,45;-,017;-,076;-,097;,89;,29;2,86;2,88
101;1;2,86;155,34;,45;,5;,49;,69;,62;,46;-,007;-,066;-,098;1,11;1,77;2,86;2,88
100;0;2,87;82,78;,4;,5;,48;,63;,62;,44;-,01;-,073;-,101;1,43;,85;2,84;2,9
100;1;2,86;19,15;,4;,5;,49;,61;,6;,44;0;-,07;-,098;,84;,71;2,84;2,86
99;0;2,9;14,99;,4;,52;,49;,61;,65;,45;-,028;-,083;-,11;1,39;1,1;2,88;2,92
98;0;2,92;27,29;,45;,52;,49;,64;,62;,45;-,027;-,082;-,123;,69;,26;2,9;2,94
98;1;2,9;109,2;,45;,54;,5;,66;,62;,46;-,028;-,083;-,11;1,73;1,46;2,9;2,94
97;0;2,91;16,15;,45;,52;,49;,63;,6;,45;-,027;-,082;-,12;,6;,9;2,88;2,92
97;1;2,9;75,58;,45;,54;,5;,56;,6;,49;-,038;-,076;-,11;1,21;1;2,88;2,92
96;0;2,9;2,2;,45;,52;,49;,56;,58;,48;-,028;-,069;-,114;,69;,89;2,88;2,9
96;1;2,88;10,87;,45;,54;,5;,55;,58;,51;-,045;-,062;-,104;1,03;1,15;2,88;2,9
95;0;2,88;81,71;,45;,52;,49;,57;,58;,51;-,042;-,056;-,09;1,19;1,55;2,86;2,9
95;1;2,88;123,77;,45;,52;,5;,56;,57;,51;-,049;-,056;-,097;,9;,84;2,86;2,88
93;0;2,88;20;,45;,52;,49;,54;,58;,51;-,042;-,062;-,09;1,05;,75;2,86;2,9
92;0;2,9;54,88;,45;,52;,5;,55;,55;,52;-,041;-,062;-,09;1,17;1,28;2,86;2,9
92;1;2,88;40,24;,45;,54;,5;,53;,62;,49;-,028;-,062;-,083;,86;,61;2,86;2,9
91;1;2,86;50;,45;,52;,5;,51;,51;,49;-,014;-,042;-,077;1,16;,99;2,86;2,9
90;0;2,86;,12;,45;,52;,49;,49;,53;,48;-,014;-,049;-,073;1,16;3,67;2,82;2,84
90;1;2,83;110;,45;,54;,5;,46;,54;,49;,007;-,032;-,067;1,02;,47;2,82;2,86
89;0;2,85;8,28;,45;,52;,49;,44;,47;,48;,004;-,039;-,067;1,43;1,03;2,84;2,86
88;0;2,86;12,25;,45;,52;,5;,44;,43;,48;,007;-,052;-,077;,76;,74;2,84;2,86
87;0;2,86;16,84;,5;,54;,5;,45;,44;,48;0;-,042;-,077;1;1;2,84;2,88
87;1;2,84;58,15;,55;,56;,51;,51;,44;,48;,011;-,028;-,07;1,32;1;2,84;2,88
86;0;2,86;116,04;,55;,54;,5;,54;,44;,48;0;-,035;-,08;1,57;,85;2,84;2,88
86;1;2,84;64,99;,55;,54;,51;,58;,45;,49;,021;-,021;-,07;,34;1,48;2,82;2,86
84;0;2,86;10;,55;,54;,5;,57;,44;,48;,021;-,028;-,084;2,46;1,19;2,82;2,84
84;1;2,84;50,32;,6;,54;,51;,6;,43;,48;,021;-,007;-,077;1;1;2,82;2,86
83;0;2,81;129,51;,55;,52;,51;,53;,43;,48;,036;0;-,06;1,19;,44;2,78;2,82
83;1;2,81;71,23;,6;,54;,52;,67;,44;,49;,032;,004;-,06;1,17;1,17;2,78;2,82
82;0;2,84;20;,55;,52;,51;,6;,4;,48;,021;0;-,063;,9;,69;2,82;2,84
82;1;2,82;42,72;,6;,54;,52;,63;,4;,48;,021;,004;-,057;1;1,17;2,8;2,84
81;0;2,82;100,14;,6;,52;,51;,63;,39;,48;,021;,007;-,057;,66;1,1;2,78;2,84
81;1;2,79;94,08;,6;,54;,52;,66;,4;,49;,032;,018;-,039;1;1,4;2,78;2,84
79;0;2,8;,27;,6;,52;,52;,68;,38;,49;,029;,021;-,043;,92;,89;2,78;2,8
78;0;2,8;112,71;,65;,54;,52;,7;,4;,49;,036;,007;-,036;1,1;,92;2,78;2,84
78;1;2,8;11,28;,65;,54;,53;,68;,4;,49;,029;,014;-,043;,86;,89;2,78;2,84
77;1;2,78;6;,65;,54;,52;,68;,43;,49;,029;,014;-,043;,98;,94;2,78;2,84
75;0;2,82;75,51;,6;,52;,52;,65;,42;,49;,014;,004;-,05;1,47;1,53;2,8;2,82
75;1;2,8;69,26;,65;,54;,52;,68;,43;,49;,011;-,004;-,043;,84;,85;2,78;2,84
74;0;2,84;14,58;,6;,52;,52;,65;,42;,51;,004;-,007;-,056;,92;1,11;2,82;2,84
74;1;2,82;20,24;,65;,52;,52;,65;,42;,51;,014;-,025;-,043;1,19;,9;2,82;2,84
73;1;2,82;113,83;,6;,52;,52;,65;,42;,53;,014;-,021;-,028;,73;1,2;2,8;2,84
72;1;2,79;147,94;,55;,5;,51;,57;,41;,52;,018;-,018;-,029;,89;,95;2,76;2,82
71;0;2,78;44,49;,55;,5;,51;,58;,41;,52;,029;-,007;-,04;2,17;1,09;2,76;2,8
71;1;2,78;54,51;,55;,5;,51;,54;,41;,5;,022;0;-,043;,64;1,06;2,76;2,8
70;1;2,76;53,6;,55;,5;,51;,63;,41;,5;,036;,014;-,029;1,27;,63;2,74;2,8
69;0;2,73;101,66;,5;,48;,5;,45;,41;,5;,04;,033;-,018;,26;1,92;2,7;2,76
69;1;2,71;268,05;,55;,5;,51;,52;,42;,51;,037;,041;-,018;1,39;,89;2,7;2,76
68;0;2,74;112,65;,55;,48;,5;,49;,39;,5;,026;,04;-,022;,93;,4;2,7;2,76
68;1;2,7;89,71;,55;,5;,51;,42;,41;,51;,052;,059;-,015;1,05;2,19;2,7;2,76
67;1;2,71;30,56;,5;,48;,5;,35;,39;,5;,041;,063;-,018;,95;,53;2,7;2,74
66;0;2,7;26,27;,5;,48;,5;,36;,39;,51;,044;,059;-,011;,75;2,37;2,68;2,7
66;1;2,7;165,48;,55;,48;,5;,37;,38;,51;,033;,063;-,015;1,54;1,29;2,68;2,74
65;1;2,68;133,68;,5;,46;,5;,34;,37;,5;,045;,067;-,007;1,48;,73;2,66;2,7
64;0;2,68;180,56;,45;,46;,49;,32;,37;,5;,045;,082;-,007;1;,92;2,66;2,7
64;1;2,66;7,52;,5;,46;,5;,34;,38;,5;,053;,098;,008;,83;,93;2,66;2,68
63;0;2,68;65,23;,45;,46;,49;,33;,39;,5;,037;,082;-,007;1,32;1,25;2,66;2,7
63;1;2,68;15,81;,45;,46;,5;,33;,39;,5;,052;,086;-,004;,91;1;2,66;2,7
62;0;2,7;52,85;,45;,46;,49;,33;,44;,5;,037;,074;-,007;,71;,78;2,66;2,7
62;1;2,66;2;,45;,46;,49;,29;,44;,5;,068;,09;,015;,85;1,24;2,66;2,68
61;0;2,7;12;,45;,46;,49;,29;,48;,5;,044;,067;0;1,35;,57;2,7;2,72
60;0;2,73;121,16;,45;,46;,49;,29;,48;,5;,033;,055;-,004;1,09;2,14;2,7;2,76
60;1;2,72;167,39;,5;,48;,5;,31;,49;,51;,026;,059;0;,62;,49;2,72;2,76
59;0;2,74;184,06;,45;,46;,49;,27;,48;,5;,015;,051;-,015;1,62;1,09;2,68;2,76
59;1;2,72;500,25;,5;,48;,5;,31;,5;,51;,022;,066;0;,63;1,92;2,68;2,76
58;0;2,7;826,13;,45;,46;,49;,22;,43;,48;,022;,067;0;1,42;,11;2,68;2,7
58;1;2,69;330,05;,5;,48;,5;,34;,48;,53;,015;,063;,019;,39;,83;2,66;2,7
57;1;2,68;55,26;,45;,46;,49;,27;,45;,51;,011;,067;,015;2,75;2,41;2,66;2,7
57;0;2,7;592,51;,45;,46;,49;,26;,45;,51;,015;,048;,015;1;,97;2,66;2,7
56;0;2,67;604,52;,45;,46;,49;,32;,49;,54;,011;,067;,026;1,13;1,47;2,64;2,7
56;1;2,66;154,54;,45;,48;,5;,41;,53;,58;,019;,075;,019;,7;,76;2,64;2,7
55;1;2,68;23,31;,45;,46;,49;,38;,52;,57;,007;,067;,022;,97;,97;2,66;2,7
55;0;2,68;18,66;,4;,46;,48;,37;,52;,57;,007;,06;,03;,66;1;2,66;2,68
54;0;2,68;,67;,45;,46;,48;,42;,52;,57;0;,067;,03;1,13;,94;2,66;2,68
54;1;2,66;2,86;,45;,48;,48;,39;,53;,57;,008;,068;,045;1;1;2,66;2,68
53;0;2,68;102;,45;,46;,47;,42;,52;,57;-,007;,067;,037;1,01;1,13;2,66;2,68
52;0;2,68;42,29;,45;,48;,47;,44;,53;,58;0;,06;,052;1;,94;2,66;2,68
52;1;2,66;9,65;,5;,5;,47;,46;,53;,58;,008;,056;,056;1;1;2,66;2,68
51;0;2,7;491,98;,45;,5;,46;,46;,54;,58;0;,041;,044;1,04;1,9;2,66;2,72
51;1;2,68;8;,5;,5;,46;,6;,58;,61;-,007;,06;,06;1;1,05;2,66;2,72
50;0;2,72;96,72;,45;,5;,45;,51;,58;,61;-,007;,037;,04;1,38;1,08;2,7;2,74
50;1;2,72;98,37;,5;,5;,45;,56;,59;,62;,004;,037;,044;,51;1;2,68;2,74
48;0;2,74;272,44;,45;,5;,44;,49;,58;,61;-,007;,018;,036;1,1;,79;2,74;2,78
48;1;2,73;212,19;,45;,52;,44;,54;,61;,63;,004;,026;,048;,88;1;2,72;2,78
47;0;2,76;59,55;,45;,5;,43;,54;,59;,62;-,014;,014;,022;2,06;,87;2,76;2,78
47;1;2,75;298,71;,45;,52;,43;,54;,6;,63;-,018;,018;,033;,67;1,12;2,74;2,78
46;0;2,76;36,58;,45;,5;,42;,52;,57;,61;-,025;,007;,022;,91;,91;2,74;2,76
46;1;2,76;17,63;,45;,52;,42;,5;,58;,61;-,029;,022;,025;,97;,95;2,74;2,76
45;0;2,76;44,24;,45;,5;,41;,61;,58;,61;-,022;,014;,011;1,33;,91;2,74;2,78
44;0;2,76;28,63;,45;,52;,41;,62;,63;,62;-,033;,029;,022;,65;1,02;2,74;2,76
44;1;2,75;63,24;,5;,52;,41;,7;,63;,62;-,033;,025;0;1,28;,94;2,74;2,76
43;0;2,76;41,35;,45;,52;,4;,69;,65;,62;-,029;,022;0;1,37;,8;2,74;2,76
43;1;2,74;187,1;,5;,52;,4;,7;,65;,62;-,022;,018;0;1;1;2,74;2,76
42;0;2,74;165,86;,45;,52;,39;,68;,64;,61;-,022;,015;,007;1;1,02;2,72;2,76
42;1;2,74;121,29;,5;,52;,39;,73;,61;,62;-,029;,015;,015;1;1,06;2,72;2,76
41;0;2,74;,03;,45;,52;,38;,59;,61;,62;-,022;,007;,022;,59;,91;2,72;2,74
41;1;2,72;47,3;,5;,52;,38;,6;,6;,62;-,015;,004;,037;1,11;,5;2,7;2,72
40;0;2,7;23,61;,45;,52;,37;,57;,61;,62;-,015;,004;,044;,33;1,05;2,68;2,72
40;1;2,7;123,49;,5;,52;,37;,58;,61;,62;0;,015;,056;2,64;1;2,68;2,72
39;0;2,72;332,25;,45;,52;,36;,56;,61;,61;-,015;-,007;,051;,36;1,14;2,7;2,74
39;1;2,7;128,59;,5;,52;,36;,62;,64;,64;,007;,004;,067;1,01;,94;2,7;2,72
38;0;2,73;233,64;,45;,52;,35;,6;,64;,63;-,004;-,011;,048;,99;1,11;2,7;2,74
37;1;2,7;190,27;,5;,54;,35;,66;,67;,66;,015;0;,063;1;1,06;2,7;2,74
37;0;2,72;39,68;,5;,52;,35;,66;,66;,65;,004;-,015;,051;,92;1;2,7;2,72
36;0;2,72;60;,5;,52;,34;,64;,66;,65;,015;-,015;,066;1,24;,94;2,7;2,72
36;1;2,7;205,55;,5;,54;,34;,64;,67;,65;,019;-,015;,081;1,05;1;2,68;2,72
35;0;2,7;111,1;,5;,52;,33;,61;,64;,64;,022;-,007;,074;1,08;,9;2,68;2,72
35;1;2,68;649,13;,55;,54;,33;,64;,66;,65;,03;0;,086;1,25;1;2,66;2,72
34;0;2,68;19,07;,55;,52;,32;,54;,61;,61;,03;,007;,082;1,35;,8;2,66;2,68
34;1;2,66;648,23;,55;,52;,32;,53;,61;,62;,038;0;,09;1,37;4,22;2,64;2,68
33;0;2,66;22,44;,55;,52;,31;,33;,55;,57;,034;,015;,083;1,02;,59;2,64;2,66
33;1;2,64;37;,55;,52;,31;,34;,55;,57;,045;,034;,091;1,01;1,71;2,64;2,66
32;0;2,66;4,53;,55;,52;,3;,32;,55;,57;,03;,023;,083;1;,37;2,64;2,66
32;1;2,64;155,65;,6;,52;,3;,35;,53;,57;,038;,038;,091;1,12;1;2,64;2,66
31;0;2,66;644,22;,55;,52;,29;,27;,52;,55;,03;,023;,09;1;,64;2,64;2,68
31;1;2,66;12,67;,6;,52;,29;,52;,6;,64;,03;,015;,083;,92;1,57;2,64;2,68
30;0;2,69;133,79;,55;,52;,28;,48;,62;,64;,011;0;,063;,85;,47;2,68;2,7
30;1;2,68;60,98;,6;,52;,28;,64;,64;,66;,007;0;,067;,95;,91;2,68;2,7
29;0;2,7;35,17;,55;,52;,27;,6;,64;,65;0;0;,048;1,01;1,06;2,7;2,72
29;1;2,7;49,6;,6;,52;,27;,81;,64;,66;,007;-,011;,056;1;1,03;2,68;2,72
28;0;2,72;19,78;,55;,52;,26;,79;,65;,65;-,007;-,022;,051;,75;1,01;2,7;2,72
28;1;2,7;70,02;,6;,52;,26;,85;,66;,66;,011;-,007;,059;1,07;1;2,7;2,72
27;0;2,72;18,45;,55;,5;,25;,84;,65;,65;-,007;-,015;,044;,96;1,08;2,7;2,72
27;1;2,7;28,31;,6;,5;,25;,85;,65;,65;,007;-,007;,059;1,01;1;2,7;2,72
26;0;2,72;89;,55;,48;,24;,63;,65;,65;0;-,022;,044;1;1,1;2,7;2,72
26;1;2,7;4,28;,6;,48;,24;,68;,67;,67;0;-,007;,059;1;,97;2,7;2,72
25;1;2,7;18,11;,55;,46;,23;,66;,67;,67;0;-,007;,052;,87;1,03;2,7;2,72
24;1;2,7;55;,55;,44;,22;,68;,67;,67;-,007;-,015;,041;1,09;,94;2,7;2,72
23;0;2,72;30,53;,5;,42;,21;,66;,66;,66;-,015;-,007;,033;,98;1,02;2,7;2,72
23;1;2,7;8,04;,55;,42;,21;,69;,67;,67;-,015;-,007;,052;1,03;1;2,7;2,72
22;0;2,72;10;,5;,4;,2;,69;,67;,67;-,022;0;,037;,98;1;2,7;2,72
22;1;2,7;2,64;,55;,4;,2;,7;,67;,67;-,022;,007;,044;1;1;2,7;2,72
21;1;2,7;53;,5;,38;,19;,7;,67;,67;-,015;,015;,033;,98;,98;2,7;2,72
20;0;2,72;2,26;,5;,36;,18;,7;,66;,66;-,029;,004;,029;,9;1,02;2,7;2,72
20;1;2,7;5,93;,5;,36;,18;,7;,66;,66;-,015;,022;,037;1,03;1,03;2,7;2,72
19;0;2,72;50,58;,5;,34;,17;,7;,66;,66;-,022;,011;,029;1,06;,96;2,7;2,72
19;1;2,7;100,09;,5;,34;,17;,69;,67;,67;-,004;,022;,03;1;1;2,7;2,72
18;0;2,7;4,39;,5;,32;,16;,68;,66;,66;-,007;,022;,044;1,12;1,4;2,68;2,72
18;1;2,7;566,58;,5;,32;,16;,68;,66;,66;0;,022;,037;1,48;,71;2,68;2,72
17;0;2,68;24,79;,45;,3;,15;,56;,59;,59;,007;,03;,06;,8;1,22;2,66;2,68
17;1;2,68;348,75;,5;,3;,15;,57;,6;,6;,015;,026;,052;1,6;,95;2,66;2,68
16;0;2,68;,19;,45;,28;,14;,47;,54;,54;,007;,03;,052;,98;,86;2,66;2,68
16;1;2,66;48,14;,5;,28;,14;,49;,54;,54;,023;,03;,049;1,06;1,09;2,66;2,68
15;0;2,68;499,55;,45;,26;,13;,42;,53;,53;,007;,022;,037;,79;1,12;2,66;2,7
15;1;2,68;139,46;,5;,26;,13;,61;,67;,67;,015;,022;,037;1,2;,99;2,66;2,7
14;0;2,68;66,04;,45;,24;,12;,54;,65;,65;,007;,022;,03;1,02;1,18;2,66;2,7
14;1;2,68;156,74;,5;,24;,12;,64;,67;,67;,007;,015;,019;,85;,99;2,66;2,7
12;0;2,68;52,9;,45;,22;,11;,58;,64;,64;,007;,007;,011;,74;,9;2,66;2,7
12;1;2,68;178,19;,5;,22;,11;,64;,66;,66;,015;,007;,022;,98;1;2,66;2,7
11;0;2,68;18,45;,45;,2;,1;,54;,61;,61;,007;,015;,007;,84;1,03;2,66;2,68
11;1;2,68;84,39;,5;,2;,1;,62;,62;,62;,015;,007;,011;1,41;,89;2,68;2,7
10;0;2,69;14,95;,45;,18;,09;,6;,6;,6;,004;,015;,004;,82;1,14;2,66;2,68
10;1;2,67;50,2;,45;,18;,09;,6;,6;,6;,011;,011;,011;1,02;1;2,66;2,7
9;0;2,68;,13;,4;,16;,08;,58;,58;,58;,015;,015;0;,97;,88;2,66;2,68
9;1;2,66;,48;,4;,16;,08;,58;,58;,58;,015;,023;,008;1,03;,99;2,66;2,68
8;0;2,68;73,08;,35;,14;,07;,58;,58;,58;,015;,007;-,007;1,06;1,04;2,66;2,68
8;1;2,66;36,31;,35;,14;,07;,63;,63;,63;,015;,015;,008;1;1;2,66;2,68
7;0;2,68;21,43;,3;,12;,06;,61;,61;,61;,007;0;0;,97;1,01;2,66;2,68
6;0;2,68;39,99;,3;,12;,06;,63;,63;,63;,007;0;,007;,95;1,03;2,66;2,68
6;1;2,66;,56;,3;,12;,06;,66;,66;,66;,008;0;0;1;1;2,66;2,68
5;0;2,68;11,3;,25;,1;,05;,66;,66;,66;0;-,007;,007;1,11;,98;2,66;2,68
5;1;2,66;60,68;,25;,1;,05;,66;,66;,66;,008;-,008;,026;1;1;2,66;2,68
4;0;2,68;189,8;,2;,08;,04;,64;,64;,64;-,007;-,007;,015;1,14;1,04;2,66;2,7
4;1;2,68;59,38;,2;,08;,04;,83;,83;,83;0;-,015;,022;,81;,97;2,68;2,7
3;0;2,7;40,81;,15;,06;,03;,81;,81;,81;-,007;-,015;,007;,94;1,02;2,68;2,7
3;1;2,68;178,72;,15;,06;,03;,88;,88;,88;0;-,007;,007;1,02;1;2,68;2,7
2;0;2,7;6,44;,1;,04;,02;,81;,81;,81;-,007;-,004;-,004;1,06;1;2,68;2,7
2;1;2,68;91,92;,1;,04;,02;,83;,83;,83;0;0;0;1,03;1;2,68;2,7
1;0;2,68;59,76;,05;,02;,01;,77;,77;,77;0;,007;,007;,95;1,01;2,66;2,7
1;1;2,68;195,27;,05;,02;,01;1;1;1;0;,007;-,004;1;1,02;2,66;2,7