9986;0;4,7;2,14;18,39;20,35;4,6;4,8
9981;1;4,51;8,03;31,07;31,11;4,4;4,5
9980;0;4,5;,93;27,71;30,18;4,4;4,5
9976;0;4,5;10,63;33,2;21,75;4,4;4,5
9975;1;4,5;2;21,66;103,62;4,5;4,8
9975;0;4,5;2,41;16,08;103,62;4,5;4,8
99;1;5,44;8,02;222,17;108,51;5,4;5,6
9913;1;4,5;8,92;28,01;19,73;4,4;4,5
9913;0;4,5;1,08;18,58;104,93;4,5;4,8
99;0;5,5;19,25;161,57;227,91;5,5;5,6
9876;0;4,7;2;20,95;22,65;4,5;4,7
9842;0;4,7;,93;19,78;15,21;4,6;4,7
9841;1;4,4;25;42,24;15,21;4,2;4,7
98;1;5,5;20;227,18;246,5;5,5;5,6
98;0;5,6;21,12;273,18;225,38;5,5;5,6
972;1;4,6;3;147,03;222,42;4,6;4,7
97;1;5,5;39,48;284,68;185,78;5,5;5,6
9715;1;4,46;7,32;15,91;16,13;4,4;4,6
9709;0;4,6;3;18,78;16,89;4,3;4,6
97;0;5,6;13,34;300,57;206,27;5,5;5,6
9697;0;4,6;1,13;20,18;15,76;4,5;4,6
9631;0;4,6;1,13;16,18;14,63;4,5;4,6
96;1;5,5;5;335,09;209,08;5,5;5,6
96;0;5,6;5,08;314,06;180,7;5,5;5,6
9595;0;4,6;1,13;16,18;13,5;4,5;4,6
9564;0;4,6;1,13;16,18;12,37;4,5;4,6
955;0;4,7;3;144,08;219,42;4,6;4,7
9540;0;4,6;1,13;16,18;14,24;4,5;4,6
95;1;5,5;11,76;455,81;192,05;5,5;5,6
95;0;5,6;8,36;427,93;192,05;5,5;5,6
9498;0;4,6;1,12;16,18;17,1;4,5;4,7
9486;0;4,6;,89;16,18;16,5;4,5;4,7
9443;0;4,7;4,07;16,19;13,21;4,5;4,8
942;0;4,7;4,75;162,83;204,18;4,6;4,7
94;1;5,59;59,55;339,87;566,91;5,5;5,7
9408;1;4,7;1,86;27,4;116,42;4,6;4,8
94;0;5,68;75,97;317,86;191,91;5,5;5,7
937;1;4,6;2;160,83;217,13;4,6;4,7
9370;0;4,7;2,6;26,69;116,42;4,7;4,8
9367;1;4,7;7,38;27,4;14,75;4,6;4,7
9366;0;4,7;,74;27,4;14,36;4,6;4,7
9365;0;4,7;,35;27,4;116,42;4,6;4,8
9347;0;4,7;2,36;16,87;13,57;4,6;4,8
93;1;5,6;13,72;326,7;543,08;5,6;5,7
930;0;4,7;2,5;168,21;214,63;4,6;4,7
9283;0;4,8;4;17,8;112,42;4,6;4,8
9263;1;4,63;2,7;15,09;112,42;4,6;4,8
923;1;4,6;3,5;164,71;221,4;4,6;4,7
92;1;5,6;4,3;292,63;540,65;5,6;5,7
92;0;5,7;12,77;321,72;540,65;5,6;5,7
9;1;4,3;8,39;1325,1;857,33;4,3;4,4
913;1;4,6;60,14;100,33;221,4;4,5;4,7
9125;1;4,6;2,74;12,35;112,42;4,6;4,8
91;1;5,6;13,18;328,01;584,17;5,6;5,7
91;0;5,7;55,92;328,01;535,18;5,6;5,7
9088;0;4,8;,74;12,68;111,68;4,7;4,8
908;1;4,6;2;104,18;283,97;4,6;4,7
9071;1;4,8;,74;12,68;121,62;4,7;4,8
9;0;4,4;271,97;1325,1;857,33;4,3;4,4
9041;0;4,8;,74;12,68;129,88;4,7;4,8
90;1;5,6;27,78;361,71;584,17;5,6;5,7
90;0;5,7;50;352,23;575;5,6;5,7
89;1;5,6;1;373,56;575;5,6;5,7
8912;0;4,8;2;18,09;120,88;4,7;4,8
89;0;5,7;19,65;419,46;534,13;5,6;5,7
8849;0;4,8;2,2;21,06;121,35;4,7;4,8
88;1;5,6;32,21;363,88;534,13;5,6;5,7
88;0;5,7;54,74;373,49;504,61;5,6;5,7
8802;1;4,7;3;18,06;121,35;4,7;4,8
8769;0;4,8;5;15,65;116,35;4,7;4,8
8716;0;4,8;2,2;15,65;114,16;4,7;4,8
87;1;5,63;6,6;233,62;507,3;5,6;5,8
8715;0;4,8;1,9;15,65;114,57;4,7;4,9
87;0;5,7;7,92;233,86;601,18;5,7;5,8
8630;1;4,76;4;28,74;112,57;4,7;4,9
862;1;4,5;3;124,73;294,47;4,5;4,6
86;1;5,6;11,73;358,82;596,93;5,6;5,7
8595;0;4,9;3;23,36;109,57;4,8;4,9
8565;0;4,9;1,84;23,36;107,73;4,8;4,9
8564;0;4,9;1,14;23,36;114,59;4,8;5
853;1;4,5;2;148,22;294,47;4,5;4,6
85;1;5,6;30,52;547,12;619,93;5,5;5,7
85;0;5,6;19,7;531,34;372,11;5,5;5,7
8468;0;5;1,5;21,05;118,89;4,9;5
8451;0;5;2;21,05;116,89;4,9;5
84;1;5,5;174,13;492,65;353,84;5,4;5,6
8411;1;4,82;11,5;26,74;106,59;4,7;4,8
84;0;5,5;5;506,54;404,57;5,4;5,5
8403;0;4,8;3,5;15,85;109,39;4,7;5
839;1;4,5;8,93;139,29;295,84;4,5;4,6
838;1;4,5;12,13;119,28;237,71;4,4;4,5
838;0;4,5;8;126,5;229,71;4,4;4,5
837;0;4,5;2;170,92;233,6;4,4;4,5
8367;0;4,9;2;20,47;110,09;4,8;4,9
8354;0;4,9;2;20,47;116,09;4,8;5
834;0;4,5;18;164,54;225,94;4,4;4,6
829;0;4,6;6;204,4;281,27;4,5;4,6
8288;0;5;1,5;18,76;124,98;4,9;5
8217;1;4,83;6;22,94;124,98;4,8;5
82;1;5,4;9,64;464;450,17;5,4;5,5
82;0;5,5;96,04;477,53;436,65;5,4;5,5
818;0;4,6;6;223,44;256,7;4,5;4,6
8;1;4,3;33,39;1549,56;930,74;4,3;4,4
81;1;5,4;147,81;311,74;379,66;5,3;5,5
81;0;5,43;40;327,77;519,47;5,3;5,5
8076;1;4,9;1,61;11,66;124,98;4,8;5
806;0;4,6;7,56;255,38;276,33;4,5;4,6
8058;0;5;2;20,66;122,98;4,8;5
8;0;4,4;110,57;1482,48;931,17;4,3;4,4
8034;1;4,9;2,04;12,66;122,98;4,8;5
8017;0;5;1,68;8,51;121,3;4,9;5
80;1;5,4;18,59;330,07;330,4;5,3;5,4
80;0;5,43;81,16;241,67;461,43;5,4;5,5
8005;0;5;1,68;8,51;119,62;4,9;5
7974;0;5;1,68;8,51;117,94;4,9;5
7969;0;5;1,68;8,51;116,26;4,9;5
7938;0;5;1,68;8,51;114,58;4,9;5
79;1;5,4;5,21;319,39;314,57;5,3;5,4
7907;0;5;2;8,51;112,58;4,9;5
79;0;5,42;127,38;329,39;269,47;5,3;5,5
7902;0;5;1,68;8,51;110,9;4,9;5
7897;0;5;2;8,51;108,9;4,9;5
78;1;5,3;20,53;361,86;316,04;5,3;5,4
7748;0;5;2;8,51;107,31;4,9;5
774;1;4,5;10;245,38;269,33;4,5;4,6
7734;1;4,9;2,03;12,66;107,31;4,8;5
77;1;5,3;136,96;190,73;413,06;5,2;5,4
7613;0;5;1,68;17,4;123,63;4,9;5
7597;0;5;2;17,4;121,63;4,9;5
7577;0;5;1,68;11,89;119,95;4,9;5
7571;0;5;1,68;11,89;118,27;4,9;5
7559;0;5;1,68;11,89;116,59;4,9;5
7553;1;4,9;2,03;19,04;116,59;4,8;5
75;1;5,19;71,27;350,75;529,85;5,1;5,3
7511;0;4,9;2,24;21,16;129,77;4,8;4,9
75;0;5,2;5,29;412,51;584,18;5,1;5,2
748;0;4,6;2;285,3;324,33;4,5;4,6
7444;0;4,9;3;21,16;126,77;4,8;4,9
7439;0;4,9;2,24;21,16;124,53;4,8;4,9
74;1;5,1;88,27;365,45;481,89;5,1;5,2
74;0;5,2;10;488,65;481,89;5,1;5,2
73;1;5,1;75,98;514,98;444,18;5;5,1
73;0;5,17;42,35;377,35;541,49;5,1;5,2
72;1;5,04;42,57;462,83;421,08;5;5,1
7214;0;4,9;7,48;21,16;117,05;4,8;4,9
721;1;4,5;27,01;238,21;310,44;4,5;4,6
7209;1;4,78;3;23,74;117,05;4,7;4,9
72;0;5,1;96,56;364,75;426,06;5;5,2
719;1;4,5;17,85;255,49;319,44;4,5;4,6
718;1;4,5;50;205,49;319,44;4,5;4,6
718;0;4,6;6;176,95;315,44;4,5;4,6
717;1;4,5;14,08;193,85;262,82;4,4;4,5
717;0;4,5;12,92;193,85;315,44;4,4;4,6
716;0;4,5;27;187,01;265,44;4,4;4,6
7153;0;4,9;6,35;22,05;116,7;4,8;4,9
7;1;4,4;,05;1290,32;922,09;4,4;4,5
7117;0;4,9;3,35;19,08;113,35;4,8;4,9
71;1;5,08;40;485,97;555,06;5;5,2
7105;0;4,9;3,35;19,08;110;4,8;4,9
7087;0;4,9;3,35;19,08;106,65;4,8;4,9
7081;0;4,9;4,86;19,08;103,3;4,8;5
706;0;4,6;7;175,27;258,44;4,5;4,6
7059;0;5;27,42;28,27;84,38;4,9;5
705;1;4,5;2;211,98;258,44;4,5;4,6
7045;0;5;2,84;31,28;77,54;4,9;5
7;0;4,4;166,91;1171,3;927,77;4,4;4,5
70;1;5;168,73;429;460,79;4,9;5,1
7014;0;5;2,84;31,3;84,71;4,9;5
7007;0;5;2;27,92;82,71;4,9;5
699;1;4,5;2,21;220,83;256,44;4,5;4,6
6984;0;5;2,84;27,92;99,88;4,9;5
696;1;4,5;2;264,41;258,44;4,5;4,6
6936;0;5;2,83;27,92;97,04;4,9;5
69;1;5;32,96;299,22;342,74;4,9;5
691;1;4,5;35;229,41;258,44;4,5;4,6
69;0;5;48,62;270,88;329,75;4,9;5,1
6882;1;4,03;,58;27,95;97,06;4,9;5
6882;0;5;,01;27,95;97,06;4,9;5
6865;1;4,9;4,01;23,95;97,06;4,9;5
6864;1;4,9;3,05;20,89;97,06;4,9;5
6852;0;5;2,63;21,26;92,44;4,9;5
682;1;4,5;2;258,94;270,57;4,5;4,6
68;1;4,9;98,87;275,16;221,82;4,8;5
68;0;4,9;30,57;307,97;385,92;4,9;5
6793;0;5;2;21,26;93,44;4,9;5
6785;0;5;2,63;21,26;90,81;4,9;5
6743;0;5;2,63;21,26;88,18;4,9;5
672;1;4,46;148,01;148,7;370,57;4,4;4,6
67;1;4,87;56,61;275,89;280,97;4,8;5
6713;0;5;2,63;21,26;85,55;4,9;5
67;0;4,9;16,44;577,5;327,71;4,8;4,9
665;0;4,5;12;192,49;317,35;4,4;4,5
6633;1;4,86;9,65;16,7;98,78;4,7;4,9
66;1;4,8;111,6;582,18;215,3;4,7;4,9
66;0;4,85;53,22;582,18;306,27;4,7;4,9
6560;1;4,74;10;15,08;101,78;4,7;4,9
655;1;4,4;54,38;213,83;324,35;4,3;4,5
655;0;4,4;,83;174,49;324,35;4,4;4,5
6491;0;4,9;2;15,87;103,78;4,8;4,9
6490;1;4,8;3,68;17,78;103,78;4,7;4,9
644;1;4,4;1;223,17;335,35;4,4;4,5
6439;1;4,8;1,84;14,78;103,78;4,7;4,9
643;1;4,4;1;222,17;335,35;4,4;4,5
6429;1;4,8;2,81;11,13;103,78;4,7;4,9
64;1;4,8;37,82;660,52;400,47;4,8;4,9
64;0;4,9;2;687,23;403,59;4,8;4,9
640;1;4,4;1;179,28;335,35;4,4;4,5
6401;1;4,7;5,28;11,06;104,87;4,6;4,8
6400;0;4,8;3,68;11,06;101,19;4,6;4,8
639;1;4,4;1;178,28;335,35;4,4;4,5
6390;0;4,8;2;22,5;98,19;4,6;4,8
636;1;4,4;1;185,28;333,35;4,4;4,5
635;0;4,5;5;192,5;328,35;4,4;4,5
634;1;4,4;2;216,35;330,35;4,4;4,5
63;1;4,8;11,21;823,08;229,89;4,7;4,8
63;0;4,82;67,56;667,27;217,7;4,7;4,9
626;0;4,5;12,96;245,35;317,39;4,4;4,5
625;0;4,5;19,44;245,35;323,91;4,4;4,5
62;0;4,8;10,32;899,34;254,23;4,7;4,8
6;1;4,4;36,03;1476,52;861,2;4,4;4,5
614;1;4,4;3;254,56;321,91;4,4;4,5
61;1;4,7;6,02;820,11;303,23;4,7;4,8
606;0;4,5;6;313,78;367,91;4,4;4,5
6056;0;4,8;14,02;42,49;89,76;4,7;4,9
6054;1;4,8;1,86;42,49;89,9;4,7;4,9
6;0;4,5;145,25;1450,41;797,16;4,4;4,5
6022;1;4,7;8;38,49;97,6;4,7;4,9
60;1;4,77;7;638,28;335,9;4,7;4,9
6008;0;4,8;,14;33,57;99,17;4,8;4,9
60;0;4,8;41,49;643,28;263,77;4,7;4,9
5967;0;4,9;2,15;35,57;94,02;4,8;4,9
5942;0;4,9;3;35,57;91,02;4,8;4,9
5941;0;4,9;4;35,57;87,02;4,8;4,9
5918;0;4,9;2,15;35,57;88,87;4,8;4,9
59;1;4,8;26,08;641,15;313,5;4,7;4,9
59;0;4,8;2;934,99;311,5;4,7;4,8
588;0;4,5;35;311,38;332,91;4,4;4,5
5870;1;4,8;2;45,16;97,1;4,7;4,9
5866;0;4,9;19,32;68,04;87,78;4,7;5
585;1;4,4;2;316,38;332,91;4,4;4,5
5815;0;5;1,64;35,49;83,51;4,9;5
58;1;4,7;242,49;615,98;260,91;4,7;4,8
5812;0;5;3;35,49;80,51;4,9;5
581;1;4,4;5,91;315,47;337,91;4,4;4,5
58;0;4,8;3,79;858,33;317,54;4,7;4,8
5801;0;5;,12;42,49;77,26;4,9;5
5797;0;5;10,2;42,49;67,06;4,9;5
5796;0;5;1,64;42,49;65,42;4,9;5
5792;0;5;7,9;42,49;49,63;4,9;5
5791;0;5;18,83;35,49;30,8;4,9;5
5785;0;5;5,9;35,49;17,3;4,9;5
5737;0;5;1,64;41,49;15,66;4,9;5
572;1;4,4;66,64;248,84;335,91;4,4;4,5
57;1;4,7;87,24;680,6;540,45;4,6;4,8
571;0;4,5;2;270,39;335,91;4,4;4,5
57;0;4,79;2,79;680,6;540,45;4,6;4,8
570;0;4,5;11;282,85;324,91;4,4;4,5
5697;1;4,9;15,87;32,83;17,3;4,8;4,9
5692;1;4,8;7,05;35,82;15,66;4,7;5
5692;0;4,9;1,12;35,82;15,66;4,7;5
5685;0;5;4,87;32,88;11,71;4,8;5,1
566;0;4,5;5;282,85;323,91;4,4;4,5
56;0;4,7;75,11;919,91;795,06;4,6;4,7
5601;0;5;4,27;39,07;11,58;4,9;5,1
5593;0;5,1;2;34,41;27,72;4,9;5,1
5526;1;4,9;2;44,35;26,02;4,9;5,1
55;1;4,6;9,25;921,53;845,72;4,6;4,7
55;0;4,7;,19;921,53;925,21;4,6;4,7
546;1;4,4;2;268,42;325,7;4,4;4,5
54;1;4,6;128,58;793,77;844,72;4,6;4,7
54;0;4,7;29,89;862,84;844,72;4,6;4,7
536;1;4,4;2;266,42;325,7;4,4;4,5
5346;0;5,1;2;58,09;52,98;4,9;5,1
534;1;4,4;8,62;257,8;325,7;4,4;4,5
53;1;4,6;36,28;780,29;850,37;4,6;4,7
53;0;4,7;54,66;780,29;839,4;4,6;4,7
526;1;4,4;2;302,86;335,7;4,4;4,5
5226;0;5,1;2;58,09;60,02;4,9;5,1
52;1;4,6;14,6;811,42;817,33;4,6;4,7
52;0;4,7;17,68;836,04;817,33;4,6;4,7
516;1;4,4;2;300,86;345,7;4,4;4,5
5;1;4,4;11,51;1595,99;713,94;4,4;4,5
51;1;4,59;384,04;520,53;685,86;4,5;4,7
5110;0;5,1;2;52,88;51,01;4,9;5,1
51;0;4,6;50,66;763,01;685,86;4,5;4,7
506;1;4,4;2;323,86;348,7;4,4;4,5
5;0;4,5;72,22;1596,52;713,94;4,4;4,5
50;1;4,5;11,56;810,21;825,84;4,5;4,6
501;1;4,4;4;319,86;349,88;4,4;4,5
50;0;4,6;7,62;729,61;820,69;4,5;4,6
499;0;4,5;10;319,86;345,3;4,4;4,5
4990;0;5,1;2;56,88;49,1;4,9;5,1
496;1;4,4;2;327,86;345,3;4,4;4,5
495;1;4,4;2;433;345,3;4,4;4,5
494;1;4,4;2;431;345,3;4,4;4,5
493;1;4,4;2;429;345,3;4,4;4,5
4925;0;5;10,01;52,88;49,65;4,9;5
4922;1;4,9;5,97;54,12;39,36;4,8;4,9
492;1;4,4;10;419;345,3;4,4;4,5
49;1;4,5;70,96;687,58;856;4,5;4,6
49;0;4,6;92,49;735,72;739,14;4,5;4,6
489;0;4,5;2,86;419;336,26;4,4;4,5
4861;0;4,9;4;53,1;33,05;4,8;4,9
483;1;4,4;2;417;336,26;4,4;4,5
483;0;4,5;13;417;323,26;4,4;4,5
4829;1;4,8;2;51,1;37,05;4,8;4,9
48;1;4,5;80,2;714,16;806,47;4,5;4,6
480;1;4,4;33,47;383,53;318,26;4,4;4,5
478;1;4,4;29,33;354,17;318,26;4,4;4,5
4781;0;4,9;3;51,1;34,05;4,8;4,9
477;1;4,4;96,32;326,09;315,99;4,3;4,5
475;1;4,3;22,84;537,34;311,54;4,2;4,3
475;0;4,31;50,9;467,82;385,09;4,2;4,4
473;1;4,3;8;467,96;424,69;4,3;4,4
472;1;4,3;4,5;444,97;429,5;4,3;4,4
47;1;4,5;10;790,06;892,64;4,5;4,6
471;1;4,3;10;573,16;431,41;4,2;4,4
471;0;4,4;6;573,16;425,41;4,2;4,4
470;1;4,3;6,37;456,21;409,13;4,3;4,4
467;1;4,3;6;537,72;428,01;4,3;4,4
466;1;4,3;3;534,73;426,01;4,3;4,4
46;1;4,5;164,81;713,06;795,96;4,4;4,6
461;1;4,3;19,98;514,76;426,22;4,3;4,4
46;0;4,53;16,04;713,06;784,85;4,4;4,6
460;1;4,3;5;509,76;426,22;4,3;4,4
457;1;4,3;34,12;442,02;496,96;4,3;4,4
456;1;4,3;9,34;570,72;402,17;4,2;4,3
454;1;4,2;1,78;542,57;481,05;4,2;4,3
4540;1;4,8;2;49,1;34,05;4,8;4,9
452;1;4,2;2;579,27;527,51;4,2;4,3
45;1;4,4;,6;950,14;966,89;4,4;4,5
451;0;4,3;54;573,27;469,04;4,2;4,3
45;0;4,5;51,61;884,08;973,27;4,4;4,5
449;0;4,3;10;590,45;461,98;4,2;4,3
448;1;4,2;4,46;576;469,77;4,2;4,3
447;1;4,2;1,99;699,01;469,77;4,2;4,3
446;1;4,2;40,4;658,6;428,62;4,2;4,3
445;1;4,2;2;656,6;475,47;4,2;4,3
444;1;4,2;6;650,6;475,47;4,2;4,3
4440;1;4,8;2;47,1;38,97;4,8;4,9
443;0;4,3;18;650,6;463,08;4,2;4,3
442;1;4,2;8,24;652,36;464,08;4,2;4,3
442;0;4,3;1;660,6;464,08;4,2;4,3
44;1;4,4;,31;965,7;966,49;4,4;4,5
441;1;4,2;200;465,36;464,08;4,2;4,3
44;0;4,5;261,4;728,88;787,86;4,4;4,6
440;1;4,2;59,05;393,31;464,09;4,2;4,3
439;1;4,2;4,38;393,59;462,3;4,2;4,3
439;0;4,3;1,79;402,8;462,3;4,2;4,3
438;1;4,2;3,64;439,65;333,89;4,1;4,3
438;0;4,22;20,13;439,65;331,11;4,1;4,3
437;1;4,2;20;494,29;452,09;4,2;4,3
437;0;4,2;2;508,14;452,09;4,2;4,3
436;1;4,2;22,41;520,66;338,14;4,1;4,2
436;0;4,2;5;522,11;391,54;4,1;4,2
435;0;4,2;20;522,11;371,54;4,1;4,2
4348;0;4,9;15,44;64,45;36,15;4,8;5
434;1;4,2;5;552,13;450,31;4,2;4,3
4334;1;4,8;10,01;45,56;53,48;4,8;5
4334;0;5;2;84,72;51,48;4,8;5
433;1;4,2;4;550,13;443,31;4,2;4,3
433;0;4,3;10;552,13;440,31;4,2;4,3
432;1;4,2;11,49;523,63;468,31;4,2;4,3
43;1;4,45;22,79;711,68;795,06;4,4;4,6
431;1;4,2;51,88;528,95;375,7;4,1;4,3
431;0;4,2;2;477,04;493,31;4,2;4,3
43;0;4,57;6;737,06;795,06;4,4;4,6
430;1;4,2;13,43;522,12;487,6;4,1;4,2
430;0;4,2;10;480,97;564,56;4,2;4,3
429;0;4,2;25;538,73;501,03;4,1;4,2
428;1;4,1;2;543,12;511,1;4,1;4,2
427;0;4,2;18;520,07;531,45;4,1;4,2
426;1;4,1;15;540;520,49;4,1;4,2
425;1;4,1;13,4;526,6;489,93;4,1;4,2
422;1;4,1;3;503,67;541,55;4,1;4,2
4218;0;4,9;1,25;84,72;38,22;4,8;4,9
4217;0;4,9;2;77,72;36,22;4,8;4,9
42;1;4,5;27,64;710,12;987,21;4,5;4,6
42;0;4,53;6,35;724,18;1007,13;4,5;4,6
419;1;4,1;10;507,17;546,55;4,1;4,2
419;0;4,2;1;507,17;546,55;4,1;4,2
417;0;4,2;1,79;528,69;544,76;4,1;4,2
415;1;4,1;4;629,69;540,76;4,1;4,2
4;1;4,4;296,55;1312,7;446,98;4,4;4,6
414;1;4,1;53;576,69;540,76;4,1;4,2
412;1;4,1;100;480,9;532,64;4,1;4,2
412;0;4,2;64,45;576,69;499,23;4,1;4,2
41;1;4,5;20,58;943,76;987,21;4,5;4,6
411;1;4,1;3;724,32;499,23;4,1;4,2
410;1;4,1;43,57;660,54;474,05;4,1;4,2
409;0;4,2;26;670,54;438,05;4,1;4,2
408;1;4,1;20;650,54;448,05;4,1;4,2
408;0;4,2;188,81;521,06;380,78;4,1;4,3
407;1;4,2;10,89;725,64;380,78;4,2;4,3
406;1;4,2;11,81;713,83;428,97;4,2;4,3
405;1;4,2;7,15;693,01;484,87;4,2;4,3
4;0;4,5;543,71;1312,7;389,38;4,4;4,6
404;1;4,2;16,97;701,1;484,87;4,2;4,3
403;0;4,3;,56;739,2;485,2;4,2;4,3
402;0;4,3;1;792,06;484,2;4,2;4,3
401;1;4,2;3;789,06;463,2;4,2;4,3
401;0;4,3;21;792,06;463,2;4,2;4,3
4005;1;4,8;2;81,31;80,91;4,7;4,8
40;0;4,6;7,41;1028,81;973,74;4,5;4,6
400;1;4,2;4;785,06;463,2;4,2;4,3
4000;0;4,8;30,35;103,42;65,22;4,8;4,9
3992;0;4,9;2;112,32;63,22;4,8;4,9
398;0;4,3;20;903,16;443,2;4,2;4,3
396;1;4,2;17,13;912,9;443,2;4,2;4,3
3952;0;4,9;3,1;79,54;60,13;4,8;4,9
395;1;4,2;3,57;928,89;516,01;4,2;4,3
395;0;4,3;4;916,75;443,2;4,2;4,3
393;1;4,2;8;945,89;510;4,2;4,3
393;0;4,3;13;953,89;510;4,2;4,3
392;1;4,2;17,24;973,65;510;4,2;4,3
39;1;4,5;251,27;1071,55;776,34;4,4;4,6
39;0;4,5;142,19;816,94;638,88;4,4;4,6
387;1;4,2;3;1092,71;509,16;4,2;4,3
387;0;4,3;1;1092,71;509,16;4,2;4,3
386;0;4,3;150,22;741,28;429,19;4,2;4,4
3837;0;4,9;25;52,03;48,91;4,9;5
38;1;4,46;59,65;965,29;666,71;4,4;4,5
38;0;4,5;15,87;980,15;666,71;4,4;4,5
380;1;4,3;8;820,16;443,75;4,3;4,4
380;0;4,4;1;819,23;443,75;4,3;4,4
379;1;4,3;100;788,2;456,79;4,3;4,4
378;1;4,3;2;804,2;458,79;4,3;4,4
3778;1;4,8;5;91,16;54,69;4,8;5
375;1;4,3;10,33;811,83;461,79;4,3;4,4
373;0;4,4;1;867,01;465,79;4,3;4,4
372;1;4,3;52,39;875,47;458,79;4,3;4,4
37;1;4,4;99,27;870,09;732,16;4,4;4,5
371;1;4,3;10;856,44;466,79;4,3;4,4
37;0;4,5;31,84;878,74;732,16;4,4;4,5
3692;1;4,8;2;97,82;37,36;4,8;5
369;1;4,3;39,35;863,02;429,5;4,3;4,4
368;1;4,3;3;883,65;429,5;4,3;4,4
368;0;4,4;17;899,65;412,5;4,3;4,4
367;1;4,3;8;901,91;412,5;4,3;4,4
366;0;4,4;24,43;876,91;363,07;4,3;4,4
365;1;4,3;10;866,91;412,07;4,3;4,4
365;0;4,4;1;866,91;410,18;4,3;4,4
363;1;4,3;8;858,91;405,18;4,3;4,4
362;1;4,3;10;848,91;410,07;4,3;4,4
36;1;4,4;116;1064,41;1294,51;4,4;4,5
361;0;4,4;10;848,91;402,07;4,3;4,4
360;1;4,3;10;859,13;364,04;4,3;4,4
359;1;4,3;16;902,54;428,5;4,3;4,4
358;1;4,3;2;927,32;428,78;4,3;4,4
358;0;4,4;,05;927,32;430,73;4,3;4,4
357;1;4,3;7,28;912,4;430,73;4,3;4,4
3565;1;4,8;10;95,52;44,64;4,8;5
356;0;4,4;173,46;912,4;259,69;4,3;4,4
355;1;4,4;3;629;265,92;4,4;4,5
353;0;4,5;138,43;385,04;132,89;4,4;4,6
352;1;4,5;26,04;401,47;129,05;4,5;4,6
35;1;4,4;321,91;946,54;1231,64;4,3;4,5
351;1;4,5;4,65;396,82;129,05;4,5;4,6
351;0;4,6;31,35;394,45;97,67;4,5;4,6
35;0;4,4;35,4;1258,89;1448,62;4,3;4,4
350;1;4,5;27,07;384,93;139,16;4,5;4,6
350;0;4,6;,22;434,01;218;4,5;4,6
349;1;4,6;7;230,18;111,6;4,6;4,7
349;0;4,6;110,38;226,09;111,6;4,5;4,7
3489;1;4,8;5;102,1;29,19;4,8;4,9
348;1;4,6;22;266,13;103,09;4,6;4,7
347;1;4,6;15;424,54;197,33;4,6;4,7
346;1;4,6;27;438,97;177,06;4,6;4,7
345;1;4,6;20;430,97;160,06;4,6;4,7
345;0;4,7;17;430,97;160,06;4,6;4,7
344;1;4,6;26;432,74;160,06;4,6;4,7
344;0;4,7;,11;432,74;159,95;4,6;4,7
343;0;4,7;8;424,74;221,95;4,6;4,7
342;0;4,7;10;424,74;221,95;4,6;4,7
34;1;4,3;140,21;1209,31;1325,49;4,3;4,4
341;1;4,6;20;460,04;193,97;4,6;4,7
340;1;4,6;51,6;409,22;193,93;4,6;4,7
340;0;4,7;2;460,79;191,97;4,6;4,7
339;1;4,6;16;405,61;193,93;4,6;4,7
339;0;4,7;,36;405,61;193,57;4,6;4,7
338;1;4,6;18;432,82;193,57;4,6;4,7
337;1;4,6;13,5;472,52;195,57;4,6;4,7
335;1;4,6;40;469,77;203,99;4,6;4,7
334;1;4,6;4;465,77;224,4;4,6;4,7
333;1;4,6;1;464,77;224,4;4,6;4,7
332;1;4,6;30,5;450,26;226,18;4,6;4,7
33;1;4,3;309,57;1169,54;1493,46;4,2;4,4
331;1;4,6;8,68;449,48;231,18;4,6;4,7
330;1;4,6;22;428,31;201,18;4,6;4,7
330;0;4,7;30;428,31;201,18;4,6;4,7
329;1;4,6;47,32;466,73;252,38;4,6;4,7
329;0;4,7;15;512,03;252,38;4,6;4,7
328;1;4,6;33,19;552,67;252,38;4,6;4,7
327;1;4,6;17;593,15;253,1;4,6;4,7
327;0;4,7;,11;593,15;253,1;4,6;4,7
326;0;4,74;222;605,15;118,72;4,6;4,9
325;1;4,8;18,56;255,06;193,34;4,8;4,9
3250;1;4,7;3,94;97,54;33,18;4,7;4,9
324;1;4,8;,26;268,48;193,34;4,8;4,9
323;1;4,8;20;273,48;202,84;4,8;4,9
323;0;4,9;,5;273,48;202,84;4,8;4,9
322;1;4,8;4,25;274,07;202,84;4,8;4,9
322;0;4,9;2,2;260,18;200,64;4,8;4,9
32;1;4,3;3,96;1104,4;1309,63;4,3;4,4
321;1;4,8;43,62;247,39;185,84;4,8;4,9
321;0;4,9;17;286,95;185,84;4,8;4,9
32;0;4,4;19;999,94;1494,37;4,3;4,4
320;1;4,75;43,92;398,81;212,7;4,7;4,9
320;0;4,8;1,83;390,46;296,93;4,7;4,8
319;1;4,7;9,99;397,01;291,33;4,7;4,8
319;0;4,8;2,2;408,99;289,13;4,7;4,8
318;1;4,7;75,96;332,42;252,39;4,6;4,8
318;0;4,75;56,76;355,28;322,44;4,6;4,8
317;1;4,87;199,57;307,6;148,9;4,6;5
317;0;4,84;251,81;496,08;148,9;4,9;5
316;1;4,8;26;304,87;338,23;4,8;4,9
315;1;4,8;10;278,25;345,86;4,8;4,9
3;1;4,4;373,04;1039,33;552,93;4,3;4,5
314;1;4,8;8;318,04;335,88;4,8;4,9
314;0;4,9;30;318,04;315,88;4,8;4,9
313;1;4,8;7,65;349,7;315,88;4,8;4,9
312;1;4,8;2;373,17;295,51;4,8;4,9
3115;0;4,8;3,79;97,69;22,42;4,7;4,8
31;1;4,3;269,78;909,45;1312,01;4,3;4,4
311;0;4,9;30;358,57;265,51;4,8;4,9
31;0;4,4;13,57;945,3;1356,42;4,3;4,4
310;0;4,9;20;389,81;245,51;4,8;4,9
309;1;4,9;7,55;269,96;207,13;4,9;5
309;0;4,9;78,9;277,52;192,76;4,8;5
307;1;4,8;,02;364,49;207,22;4,8;4,9
307;0;4,9;11,22;364,49;196;4,8;4,9
306;1;4,9;10;288,1;202,85;4,9;5
306;0;4,9;18,99;260,14;203,87;4,8;5
3;0;4,5;24,87;1134,05;552,93;4,3;4,5
304;1;4,9;3,87;338,65;195,22;4,9;5
302;1;4,9;16;320,14;218,62;4,9;5
302;0;5;31,62;308,79;187,02;4,9;5
30;1;4,3;25,85;1386,57;1298,76;4,3;4,4
3012;0;4,9;14,99;111,47;45,97;4,7;5
301;1;4,9;26,36;348,04;215,08;4,9;5
301;0;5;,6;360,22;214,48;4,9;5
30;0;4,4;25,32;1038,62;1298,76;4,3;4,4
300;0;5;,5;359,72;215,98;4,9;5
299;1;4,9;26,78;319,32;230,36;4,9;5
299;0;5;8,12;330,1;250,36;4,9;5
298;1;4,9;17,07;302,25;230,36;4,9;5
297;1;4,9;3;320,39;214,46;4,9;5
295;0;5;2;301,39;229,79;4,9;5
294;1;4,9;72,2;263,69;217,46;4,8;5
294;0;4,9;5;444,56;229,31;4,8;4,9
293;0;4,9;7;445,49;224,31;4,8;4,9
29;1;4,3;19,39;1309,73;1251,2;4,3;4,4
291;1;4,8;24,05;427,3;253,02;4,8;4,9
29;0;4,4;3,56;1310,44;1251,2;4,3;4,4
290;1;4,8;21,01;403,95;277;4,8;4,9
289;1;4,8;6,11;428,68;249,32;4,8;4,9
288;1;4,8;33,32;416,44;274,08;4,8;4,9
288;0;4,9;2;449,75;274,08;4,8;4,9
287;1;4,8;3;375,59;276,08;4,8;4,9
287;0;4,9;2,2;588,96;273,88;4,7;4,9
286;1;4,7;15;584,81;250,38;4,7;4,8
286;0;4,8;2,3;584,81;250,38;4,7;4,8
285;0;4,8;14,47;584,81;267,66;4,7;4,8
284;1;4,7;5,12;588,96;273,42;4,7;4,8
283;1;4,7;7,38;571,01;350,54;4,7;4,8
283;0;4,8;,09;581,01;342,22;4,7;4,8
282;1;4,7;117,03;467,39;369,29;4,6;4,8
282;0;4,8;8,39;467,39;646,89;4,7;4,8
28;1;4,3;,14;1309,59;1251,13;4,3;4,4
281;1;4,6;10;442,15;528,91;4,6;4,7
281;0;4,7;14,4;442,15;508,91;4,6;4,7
28;0;4,4;,07;1309,73;1251,13;4,3;4,4
280;1;4,6;10;447,29;524,91;4,6;4,7
280;0;4,7;19,98;332,16;522,98;4,6;4,7
278;0;4,7;41;321,13;486,63;4,6;4,8
277;1;4,7;42,65;346,72;489,94;4,6;4,7
2768;0;4,9;8,62;121,31;46,46;4,8;5
275;1;4,6;10;367,43;557,49;4,6;4,7
2742;1;4,8;5;123,32;53,43;4,8;5
274;1;4,6;9,99;420,06;636,24;4,6;4,7
274;0;4,7;16;420,06;615,24;4,6;4,7
272;1;4,6;15,34;524,08;503,59;4,6;4,7
272;0;4,7;56,9;585,24;503,59;4,6;4,7
27;1;4,3;100,31;1327,72;1254,13;4,3;4,4
271;1;4,6;87,99;482,32;573,38;4,6;4,7
271;0;4,7;46,81;482,32;530,58;4,6;4,7
27;0;4,4;200;1357,89;1171,75;4,3;4,4
270;1;4,6;8,24;484,07;565,81;4,6;4,7
269;0;4,7;12,18;507,07;553,64;4,6;4,7
268;1;4,6;24,38;482,69;553,64;4,6;4,7
267;1;4,6;22,1;504,16;507,5;4,6;4,7
267;0;4,7;,1;536,67;535,53;4,6;4,7
266;1;4,6;4,47;531,2;498,4;4,6;4,7
266;0;4,7;5,39;531,2;493,01;4,6;4,7
265;1;4,6;,21;530,99;493,01;4,6;4,7
264;1;4,6;31,44;499,55;493,01;4,6;4,7
262;1;4,6;2,11;509,41;523,48;4,6;4,7
262;0;4,7;30,04;509,41;523,48;4,6;4,7
26;1;4,29;578,84;1325,4;1076,6;4,2;4,4
261;0;4,7;99,14;509,41;434,83;4,6;4,7
26;0;4,4;80,66;1357,89;1076,6;4,2;4,4
260;1;4,7;4,42;479,14;574,17;4,7;4,8
259;1;4,7;17,86;629,44;566,13;4,7;4,8
257;1;4,7;10;652,06;566,13;4,7;4,8
2552;1;4,8;20;108,71;57,43;4,8;5
255;1;4,7;8,44;601,49;565,13;4,7;4,8
253;1;4,7;183,34;492,39;479,48;4,6;4,8
252;1;4,6;196,54;236,85;538,27;4,5;4,7
25;1;4,28;14,21;1421,01;1022,65;4,2;4,4
251;1;4,48;107,19;382,26;718,42;4,4;4,5
251;0;4,55;10,97;325,25;778,13;4,4;4,6
25;0;4,37;67,43;1437,37;1071,92;4,2;4,4
250;0;4,5;2;397,95;776,13;4,4;4,5
249;0;4,5;4,4;435,47;981,73;4,4;4,5
248;1;4,5;9;316,08;1060,8;4,5;4,6
248;0;4,5;67,68;316,92;1038,49;4,5;4,6
2474;1;4,7;7,5;104,26;48,23;4,7;4,9
246;1;4,5;10,18;384,71;679,49;4,5;4,6
245;1;4,5;2;388,3;709,88;4,5;4,6
245;0;4,6;39;341,82;691,73;4,5;4,6
244;1;4,5;13,64;479,56;536,35;4,4;4,5
243;1;4,49;33,78;487,72;640,14;4,4;4,6
243;0;4,51;84,35;492,72;643,31;4,4;4,6
24;1;4,2;,29;1244,72;1145,47;4,2;4,3
241;1;4,5;12;548,63;643,31;4,5;4,6
241;0;4,6;52,34;600,97;590,97;4,5;4,6
24;0;4,3;139,49;850,04;1157,82;4,3;4,4
240;1;4,5;60,66;535,56;580,1;4,5;4,6
240;0;4,6;10,87;575,57;580,1;4,5;4,6
239;1;4,5;56,36;653,57;373,89;4,4;4,5
239;0;4,5;13,64;653,57;370,89;4,4;4,6
238;1;4,4;82,34;568,76;356,55;4,4;4,5
2373;0;4,9;,31;110,9;76,33;4,8;4,9
2353;1;4,8;12,24;104,26;79,3;4,7;4,8
2353;0;4,8;9,19;104,26;78,73;4,7;4,9
235;0;4,5;11,21;553,93;563,27;4,4;4,5
234;0;4,5;11,61;553,93;571,66;4,4;4,5
232;1;4,4;16;532,71;567,09;4,4;4,5
23;1;4,3;7,25;880,58;1151,82;4,3;4,4
231;1;4,4;10;522,71;497,06;4,4;4,5
2308;1;4,7;10,12;94,14;122,37;4,7;4,8
230;0;4,5;4,62;522,71;432,42;4,4;4,5
229;1;4,4;157;396,71;430,98;4,4;4,5
2289;1;4,7;8;84,22;129,92;4,7;4,8
228;1;4,4;15;454,21;483,33;4,4;4,5
228;0;4,5;20,3;469,2;483,33;4,4;4,5
2274;0;4,8;6;77,32;123,92;4,7;4,8
227;1;4,4;30,39;423,83;463,37;4,4;4,5
227;0;4,5;19,98;429,21;463,37;4,4;4,5
226;1;4,4;7,6;416,23;472,62;4,4;4,5
225;1;4,4;,03;416,2;472,62;4,4;4,5
224;1;4,38;172,39;325,42;472,62;4,3;4,5
223;1;4,4;7,16;430,8;439,5;4,4;4,5
223;0;4,48;87,88;412,12;207,3;4,3;4,5
222;1;4,4;14,75;426,8;499,41;4,4;4,5
2219;1;4,66;33,99;52,47;100,21;4,6;4,8
2219;0;4,8;8,08;52,47;100,21;4,6;4,8
22;1;4,3;3;1473,45;1176,82;4,3;4,4
221;1;4,4;42,97;469,53;503,42;4,4;4,5
2211;1;4,7;8,99;65,91;116,41;4,7;4,8
221;0;4,5;28,61;469,53;474,88;4,4;4,5
22;0;4,4;32,01;1473,45;1129,8;4,3;4,4
220;1;4,36;147;456,29;503,4;4,3;4,5
220;0;4,5;1,95;899,86;503,4;4,3;4,5
2194;0;4,7;2;61,79;118,77;4,6;4,7
219;1;4,3;172,93;831,81;302,16;4,3;4,4
219;0;4,4;11,03;905,23;308,89;4,3;4,4
2187;1;4,6;3,63;58,16;115,14;4,6;4,7
218;0;4,4;49,97;913,58;416,43;4,3;4,4
217;1;4,3;7,91;1036,46;365,03;4,3;4,4
217;0;4,4;2;1046,09;365,03;4,3;4,4
216;0;4,4;14,48;1043,79;354,34;4,3;4,4
215;1;4,3;3,66;1040,13;354,34;4,3;4,4
2;1;4,3;11,33;1400,95;601,4;4,3;4,4
2142;0;4,7;2;93,85;127,07;4,6;4,7
213;1;4,3;118,96;941,84;310,79;4,3;4,4
2130;1;4,6;2;92,34;129,67;4,6;4,7
212;1;4,3;15,64;923,26;305,65;4,3;4,4
212;0;4,4;105,9;428,94;305,65;4,3;4,5
2119;1;4,6;29,12;73,36;135,54;4,5;4,7
2119;0;4,6;4;72,85;91,79;4,5;4,6
21;1;4,3;308,31;1265,11;1171,15;4,3;4,4
211;1;4,37;56,81;947,24;350,14;4,3;4,4
211;0;4,4;2,09;947,24;377,35;4,3;4,4
21;0;4,4;22,67;1348,2;1148,48;4,3;4,4
210;1;4,3;6;955,53;377,35;4,3;4,4
2092;0;4,7;2;86,02;126,24;4,5;4,7
209;1;4,3;24,34;945,19;373,05;4,3;4,4
208;1;4,4;76,31;411,66;284,1;4,3;4,5
208;0;4,4;109,17;472,89;553,56;4,4;4,5
207;0;4,4;2,3;959,91;325,06;4,3;4,4
206;1;4,3;4;960,91;342,93;4,3;4,4
206;0;4,4;54,61;997,48;288,32;4,3;4,4
2052;0;4,7;22,18;103,4;134,5;4,6;4,8
205;1;4,4;6;556,49;661,41;4,4;4,5
205;0;4,4;15,49;470,65;288,26;4,3;4,5
2;0;4,4;97;1400,95;607,16;4,3;4,4
203;1;4,4;16,23;667,49;673,71;4,4;4,5
202;1;4,4;43,01;622,04;673,71;4,4;4,5
20;1;4,3;61,3;1289,85;1125,38;4,3;4,4
20;0;4,4;23,1;1296,2;1125,38;4,3;4,4
200;1;4,4;20;581,54;679,89;4,4;4,5
199;1;4,4;15;566,54;679,89;4,4;4,5
198;1;4,33;282,12;550,12;608,21;4,2;4,5
198;0;4,5;3,6;552,11;670,11;4,4;4,5
197;1;4,36;15,8;498,64;351,94;4,2;4,6
197;0;4,4;609,53;293,9;398,05;4,3;4,6
196;1;4,5;20,85;298,18;408,95;4,5;4,6
196;0;4,6;28;302,2;408,95;4,5;4,6
1955;0;4,8;1,7;86,54;106,63;4,7;4,8
195;1;4,5;14,18;277,43;355,52;4,5;4,6
195;0;4,6;15;277,43;393,95;4,5;4,6
194;1;4,5;17,86;303,04;377,6;4,5;4,6
193;1;4,5;9,99;294,84;377,6;4,5;4,6
192;1;4,45;130,21;315,43;377,8;4,3;4,6
192;0;4,4;247,31;365,65;363,8;4,3;4,6
19;1;4,3;44,87;1293,13;841,85;4,3;4,4
19;0;4,4;283,53;1337,11;841,85;4,3;4,4
190;1;4,5;2,3;659,14;474,74;4,4;4,5
190;0;4,6;225,67;659,14;474,52;4,4;4,7
189;1;4,6;37,52;313,05;253,98;4,5;4,7
189;0;4,67;26,32;287,95;438,43;4,6;4,7
188;1;4,6;2;373,15;438,43;4,6;4,7
187;1;4,6;11,79;363,66;438,43;4,6;4,7
187;0;4,7;2;363,66;436,43;4,6;4,7
1865;1;4,7;5,71;88,83;106,63;4,7;4,8
186;1;4,6;171,94;293,49;331,98;4,6;4,7
186;0;4,7;91,45;440,76;331,98;4,6;4,7
185;1;4,6;13,7;293,79;394,83;4,6;4,7
184;1;4,53;181,52;305,64;370,98;4,4;4,7
1831;0;4,8;21,24;136,27;98,63;4,7;4,8
183;0;4,6;18,4;553,81;262,52;4,5;4,6
1827;0;4,8;2;143,55;90,98;4,7;4,8
182;1;4,5;15,4;530,68;264,31;4,5;4,6
182;0;4,6;2;557,26;270,56;4,5;4,6
18;1;4,3;448,52;948,65;864,18;4,3;4,4
181;1;4,5;1,79;559,92;309,58;4,5;4,6
18;0;4,4;44,1;948,65;857,88;4,3;4,4
180;1;4,5;19,36;518,56;309,58;4,5;4,6
180;0;4,6;,38;518,56;309,2;4,5;4,6
179;1;4,5;1,22;539,16;369,2;4,5;4,6
1784;0;4,8;2;143,55;112,7;4,7;4,8
1769;0;4,8;2;148,33;105,7;4,7;4,8
1768;0;4,82;7;148,33;107,32;4,7;4,9
176;1;4,5;4,21;568,82;399,99;4,5;4,6
176;0;4,6;99,94;568,82;305,11;4,5;4,6
1757;1;4,7;3,14;150,21;124,09;4,7;4,9
175;1;4,5;14,12;593,62;316,48;4,5;4,6
175;0;4,6;25;607,74;316,48;4,5;4,6
1742;0;4,9;11;150,21;113,1;4,7;4,9
1739;1;4,8;4,45;129,96;138,1;4,8;4,9
1734;0;4,9;2;125,81;138,62;4,8;4,9
173;1;4,5;10;683,28;350,9;4,5;4,6
173;0;4,6;,28;683,28;350,9;4,5;4,6
172;1;4,5;51,88;633,74;375,02;4,5;4,6
17;1;4,3;60,76;1187,21;1039,73;4,3;4,4
171;1;4,5;33,37;569,32;283,41;4,5;4,6
171;0;4,6;91,61;576,78;283,41;4,5;4,6
17;0;4,4;6,3;1197,97;1039,73;4,3;4,4
1700;0;4,9;2;133,54;117,56;4,8;4,9
168;1;4,5;11,91;727,94;286,67;4,5;4,6
168;0;4,6;18,73;727,94;286,67;4,5;4,6
167;1;4,5;2;762,71;326,83;4,5;4,6
1667;0;4,9;2;133,54;124,22;4,8;4,9
166;0;4,6;100,22;746,94;262,01;4,5;4,6
1652;1;4,8;8;125,54;124,22;4,8;4,9
165;1;4,5;14;751,48;254,99;4,5;4,6
164;1;4,5;17;757,06;283,18;4,5;4,6
1639;0;4,9;21;116,92;103,22;4,8;4,9
1635;0;4,9;2;108,92;106,22;4,8;4,9
163;1;4,5;5,39;751,67;264,35;4,5;4,6
163;0;4,6;85,72;751,67;264,35;4,5;4,6
16;1;4,3;193,09;1095,64;998,99;4,3;4,4
1611;1;4,8;2;106,92;106,22;4,8;4,9
16;0;4,4;43,42;1095,64;998,99;4,3;4,4
1603;0;4,9;2;121,34;115,33;4,8;4,9
159;1;4,5;8,68;753,3;403,46;4,5;4,6
158;1;4,5;32,98;713,74;399,46;4,5;4,6
158;0;4,6;70,02;690,31;333,44;4,5;4,6
1574;1;4,8;8,3;135,81;117,79;4,7;4,9
157;1;4,5;20;662,77;333,44;4,5;4,6
157;0;4,6;21,5;662,77;311,94;4,5;4,6
156;1;4,5;2;685,34;311,94;4,5;4,6
155;0;4,6;4;685,34;307,94;4,5;4,6
1545;0;4,8;2;138,81;143,78;4,7;4,8
154;0;4,6;24;685,34;327,75;4,5;4,6
153;1;4,5;2;685,64;330,05;4,5;4,6
152;1;4,54;4,17;622,44;495,98;4,5;4,7
152;0;4,6;2,3;448,58;495,98;4,6;4,7
15;1;4,3;127,85;1192,62;931,99;4,3;4,4
1509;1;4,7;4;146,14;134,51;4,7;4,8
15;0;4,4;65;1279,05;933,99;4,3;4,4
149;1;4,6;2;809,1;472,73;4,6;4,7
149;0;4,7;1,79;819,1;470,94;4,6;4,7
148;1;4,6;2,75;773,15;449,42;4,6;4,7
148;0;4,7;190,29;773,15;273,97;4,6;4,8
147;1;4,72;13,4;646,86;361,39;4,7;4,9
147;0;4,8;39,75;623,59;361,39;4,8;4,9
146;1;4,8;29,65;643,43;356,32;4,8;4,9
146;0;4,9;56,48;746,21;300,19;4,8;4,9
145;1;4,8;10;849,37;329,35;4,8;4,9
145;0;4,9;12,4;849,37;329,35;4,8;4,9
144;1;4,9;10;564,08;186,25;4,9;5
144;0;4,9;152,55;563,11;186,25;4,8;5
143;1;5,04;20,24;324,88;90,44;4,9;5,2
143;0;5,02;156,35;324,88;78,65;4,9;5,2
142;1;5,1;57,54;334,85;100,45;5,1;5,2
142;0;5,2;4,4;322,73;104,94;5,1;5,2
14;1;4,3;128,11;1264,74;956,16;4,3;4,4
141;1;5,19;2,27;367,98;140,58;5,1;5,3
1411;0;4,8;2;148,87;144,3;4,7;4,8
141;0;5,2;81,39;306,88;118,67;5,1;5,3
1406;0;4,8;12,5;148,87;131,8;4,7;4,8
14;0;4,4;25,64;1248,99;933,83;4,3;4,4
140;1;5,2;81,13;303,3;132,57;5,1;5,3
139;0;5,2;25,04;405;251,42;5,1;5,2
1384;1;4,7;20;128,87;162,29;4,7;4,8
138;1;5,1;25,02;374,24;287,1;5,1;5,2
138;0;5,2;1,65;394,23;287,1;5,1;5,2
137;1;5,1;15,84;404,98;274,04;5,1;5,2
137;0;5,2;20;404,98;274,04;5,1;5,2
136;1;5,1;52,3;291,7;237,7;5,1;5,3
136;0;5,2;64,97;511,52;211,68;5,1;5,3
135;1;5,23;112,91;398,29;134,81;5,2;5,4
135;0;5,3;126,18;181,12;134,81;5,2;5,4
134;1;5,26;42;214,65;159,07;5,2;5,4
133;1;5,22;10,26;584,95;186,23;5,2;5,4
133;0;5,3;10,38;584,95;203,34;5,2;5,3
132;1;5,2;96,82;578,31;155,75;5,1;5,3
132;0;5,22;24,59;578,31;136,46;5,1;5,3
13;1;4,3;73,05;1235,15;958,32;4,3;4,4
13;0;4,4;40,2;1318,25;1073,02;4,3;4,4
130;1;5,1;22,32;459,67;171,68;5,1;5,2
130;0;5,2;11,28;464,13;171,68;5,1;5,2
129;1;5,2;8,92;324,6;220,16;5,2;5,3
129;0;5,27;47,98;163,22;198,23;5,2;5,4
128;1;5,25;120,91;324,6;238,06;5,1;5,3
127;1;5,2;20;446,27;235,97;5,1;5,2
126;1;5,1;24,64;382,66;264,96;5,1;5,2
126;0;5,2;10,58;382,66;264,38;5,1;5,2
1253;0;4,8;3;151,39;179,78;4,7;4,8
125;1;5,3;18,89;200,06;193,24;5,3;5,4
125;0;5,28;129,49;216,98;182,08;5,1;5,4
1250;0;4,8;2;151,39;177,78;4,7;4,8
124;1;5,3;13,78;193,28;183,24;5,3;5,4
123;1;5,3;20;216,72;183,24;5,3;5,4
123;0;5,4;122,78;182,9;101,29;5,4;5,5
122;1;5,4;39,09;188,2;128,44;5,4;5,5
12;1;4,3;80,45;1233,44;1045,35;4,3;4,4
121;1;5,5;9;256,76;118,68;5,5;5,6
121;0;5,5;71,84;265,76;79,25;5,4;5,6
12;0;4,4;71;1270,72;1045,35;4,3;4,4
120;1;5,5;186,64;372,7;133,62;5,4;5,6
120;0;5,6;17,12;404,71;158,68;5,5;5,6
119;1;5,5;120,93;298,01;147,06;5,4;5,6
119;0;5,5;22,63;286,12;165,09;5,5;5,6
1188;1;4,7;,56;134,59;177,78;4,7;4,8
11837;1;4,1;10;35,79;46,84;4;4,2
118;1;5,5;10,33;285,8;198,9;5,5;5,6
11811;0;4,2;2;35,79;44,84;4;4,2
1180;1;4,7;7;127,6;188,75;4,7;4,8
117;1;5,5;23,61;239,19;198,9;5,4;5,6
117;0;5,5;10,72;344,91;264,94;5,4;5,5
116;1;5,4;70,02;296,01;199,3;5,4;5,5
116;0;5,5;54,36;295,42;197,3;5,4;5,5
11569;1;4;12;23,79;49,84;4;4,2
11568;1;4;4,02;13,18;37,21;3,95;4
11568;0;4;6,62;24,74;53,84;3,9;4,1
11531;0;4,1;,46;25,03;61,91;3,85;4,1
115;1;5,4;100,21;245,76;201,25;5,4;5,5
115;0;5,5;27,42;256,48;201,25;5,4;5,5
1148;1;4,7;2,32;143,62;188,75;4,7;4,8
11460;0;4,1;5;30,34;58,91;4;4,1
1;1;4,3;18,86;1503,55;676,42;4,3;4,4
114;1;5,87;55,44;74,86;190,4;5,4;6
114;0;5,68;329,59;116,66;150,65;5,4;6
1132;1;4,7;13,94;149,04;111,96;4,6;4,7
113;1;5,8;65,97;177,76;219,57;5,8;5,9
113;0;5,9;23,85;204,92;222,39;5,8;5,9
1130;0;4,7;4,32;150;188,75;4,6;4,8
11238;0;4,1;2,28;20,33;54,36;4;4,1
112;1;5,8;94,5;186,94;177,84;5,7;5,9
11207;1;4;5;25,34;54,36;4;4,1
112;0;5,9;33,93;199,3;206,85;5,8;5,9
11;1;4,3;223,6;1228,55;943,36;4,2;4,4
11122;0;4,1;4,46;25,34;49,9;4;4,1
111;1;5,7;52,8;316,24;191,74;5,6;5,8
1111;0;4,8;10;148,5;178,75;4,7;4,8
111;0;5,77;134,54;359,66;120,39;5,6;5,8
11098;0;4,1;5,07;37,64;47,9;4;4,2
11;0;4,4;279,1;1228,84;943,23;4,3;4,4
110;1;5,7;17,34;204,68;114,84;5,7;5,8
110;0;5,8;21,92;204,68;114,84;5,7;5,8
1098;1;4,7;2;162,03;185,75;4,7;4,8
10945;1;4,06;9,99;29,11;55,64;4;4,2
1093;1;4,7;9,99;145,37;185,75;4,7;4,8
10928;0;4,2;2;45,71;51,64;4;4,2
109;1;5,68;191,8;319,72;277,62;5,6;5,9
109;0;5,8;23,53;229,15;216,27;5,8;5,9
10892;1;4;8;37,71;47,64;4;4,2
10892;0;4,1;3,11;26,38;47,64;4,1;4,2
1089;0;4,8;2;133,12;183,75;4,7;4,8
10836;0;4,2;4,8;26,38;38,04;4,1;4,2
108;1;5,5;48,04;324,32;209,41;5,4;5,7
108;0;5,7;5,36;304,25;428,76;5,6;5,7
10749;0;4,2;5;18,38;31,24;4,1;4,3
10744;1;4,2;2;19,02;37,24;4,2;4,3
10744;0;4,2;2;21,01;37,24;4,2;4,3
10721;0;4,3;1,4;19,02;44,22;4,2;4,3
107;1;5,5;34,28;306,84;193,8;5,4;5,6
107;0;5,58;76,33;249,71;193,8;5,4;5,6
10631;0;4,3;1,41;19,02;42,81;4,2;4,3
106;1;5,5;39,94;262,15;235,74;5,5;5,6
10598;0;4,3;,12;19,02;39,96;4,2;4,3
10582;0;4,3;2,12;19,02;35,73;4,2;4,3
1058;1;4,7;3,01;149,24;179,75;4,7;4,8
1058;0;4,8;6;149,24;179,75;4,7;4,8
10570;0;4,3;1,54;19,02;34,07;4,2;4,3
10556;1;4,2;2;19,02;37,07;4,1;4,3
105;1;5,38;250,15;272,26;238,26;5,3;5,5
105;0;5,4;13,04;369,44;315,11;5,3;5,4
1050;1;4,7;19,43;167,06;162,12;4,6;4,7
10467;0;4,3;1,74;35,67;33,59;4,2;4,3
10455;0;4,3;,66;35,67;32,27;4,2;4,3
1;0;4,4;8,29;1504,26;676,42;4,3;4,4
10444;0;4,3;1,48;35,67;22,72;4,2;4,3
10438;0;4,3;1,41;48,73;18,31;4,2;4,3
10431;0;4,3;2,32;57,73;21,88;4,2;4,4
104;1;5,3;26,94;310,2;263,48;5,3;5,4
10411;0;4,4;8;57,73;15,47;4,2;4,5
104;0;5,4;143,81;205,2;231,71;5,3;5,5
10402;0;4,5;,96;39,74;22,92;4,4;4,5
10365;0;4,5;,96;39,75;25,08;4,4;4,5
10342;0;4,5;,96;39,74;24,12;4,4;4,5
1034;1;4,6;2;139,78;231,93;4,6;4,7
10324;0;4,5;,96;39,74;23,16;4,4;4,5
103;1;5,4;14;192;255,37;5,4;5,5
103;0;5,5;15,39;234,63;197,03;5,4;5,5
10305;0;4,5;,96;39,74;22,2;4,4;4,5
10280;0;4,5;1,04;39,74;23,14;4,4;4,6
10263;1;4,5;1,92;51,29;26,99;4,4;4,5
10244;0;4,6;5;43,7;20,14;4,4;4,6
10239;1;4,5;1,92;39,74;14,89;4,4;4,5
102;1;5,4;24,49;243,24;147,28;5,4;5,5
102;0;5,5;5,36;249,75;191,69;5,4;5,5
10;1;4,28;19,4;1275,08;899,4;4,2;4,4
1014;0;4,7;10;152,01;221,93;4,6;4,7
10115;1;4,44;2,5;52,2;13,04;4,4;4,6
10084;1;4,6;8,64;35,05;16,66;4,5;4,7
10084;0;4,6;,9;29,19;94,42;4,5;4,8
10065;0;4,7;,93;33,81;17,11;4,6;4,7
10053;0;4,7;4,97;33,81;13,18;4,6;4,8
10049;1;4,7;6,18;33,81;17,46;4,6;4,7
10;0;4,3;140,66;1275,08;905,21;4,2;4,4
10040;0;4,7;2;33,81;15,89;4,6;4,8
10028;0;4,7;2,55;21,87;16,44;4,6;4,8
10017;0;4,7;,93;24,39;22,21;4,6;4,7
100;1;5,4;22,16;431,16;120,11;5,4;5,6
100;0;5,5;91,93;431,16;115,04;5,4;5,6
10004;0;4,7;,93;18,39;21,28;4,6;4,7